Title:,"Time Series, Area-Averaged of Volumetric Soil Moisture from 6.9 GHZ daily 25 (daily)"
User Start Date:,2012-07-03T00:00:00Z
User End Date:,2023-12-22T23:59:59Z
User Bounding Box:,""
Data Bounding Box:,"-179.875,-89.875,179.875,89.875"
URL to Reproduce Results:,"https://giovanni.gsfc.nasa.gov/giovanni/#service=ArAvTs&starttime=2012-07-03T00:00:00Z&endtime=2023-12-22T23:59:59Z&data=LPRM_AMSR2_A_SOILM3_001_soil_moisture_c1&portal=GIOVANNI&format=json"
Fill Value (mean_LPRM_AMSR2_A_SOILM3_001_soil_moisture_c1):, -32767

time, mean_LPRM_AMSR2_A_SOILM3_001_soil_moisture_c1
2012-07-03,59.9857766
2012-07-04,61.680071
2012-07-05,59.9477992
2012-07-06,61.4828078
2012-07-07,60.5441794
2012-07-08,60.9323413
2012-07-09,61.0309192
2012-07-10,60.9530642
2012-07-11,61.5675082
2012-07-12,62.2134836
2012-07-13,61.6965249
2012-07-14,60.7402958
2012-07-15,61.6141743
2012-07-16,61.1633373
2012-07-17,62.8912243
2012-07-18,62.37708
2012-07-19,60.9842982
2012-07-20,62.1310175
2012-07-21,61.1057399
2012-07-22,62.1531781
2012-07-23,61.1226987
2012-07-24,61.7985754
2012-07-25,61.612719
2012-07-26,39.8819106
2012-07-27,61.6428649
2012-07-28,61.1532499
2012-07-29,62.0627987
2012-07-30,60.9174927
2012-07-31,61.9545868
2012-08-01,61.5525807
2012-08-02,61.1786213
2012-08-03,61.5555775
2012-08-04,61.2672669
2012-08-05,63.3119621
2012-08-06,61.3399912
2012-08-07,62.2550625
2012-08-08,61.3120811
2012-08-09,61.2824553
2012-08-10,61.3773456
2012-08-11,60.9205773
2012-08-12,61.5612211
2012-08-13,60.8702779
2012-08-14,62.14821
2012-08-15,61.0290632
2012-08-16,61.3511027
2012-08-17,61.0412969
2012-08-18,60.666863
2012-08-19,61.2309444
2012-08-20,60.6540548
2012-08-21,62.6055152
2012-08-22,60.7730406
2012-08-23,40.5976705
2012-08-24,60.6949598
2012-08-25,61.1826929
2012-08-26,61.1629576
2012-08-27,60.713364
2012-08-28,61.5207558
2012-08-29,61.5151053
2012-08-30,61.6071405
2012-08-31,60.7329902
2012-09-01,61.6690572
2012-09-02,61.3128022
2012-09-03,61.293325
2012-09-04,61.5288424
2012-09-05,60.6691455
2012-09-06,61.7669172
2012-09-07,60.5848272
2012-09-08,61.4087954
2012-09-09,60.5993522
2012-09-10,61.3770739
2012-09-11,61.2759621
2012-09-12,60.4343755
2012-09-13,61.0822748
2012-09-14,41.2397678
2012-09-15,61.0649889
2012-09-16,60.154064
2012-09-17,60.4566872
2012-09-18,60.3301731
2012-09-19,60.0561057
2012-09-20,60.415593
2012-09-21,59.8195039
2012-09-22,61.8766368
2012-09-23,60.1212726
2012-09-24,60.5412058
2012-09-25,59.649201
2012-09-26,60.1723008
2012-09-27,60.3446258
2012-09-28,59.5872887
2012-09-29,60.1886406
2012-09-30,59.4813166
2012-10-01,60.2296271
2012-10-02,59.2172461
2012-10-03,59.4920731
2012-10-04,58.6450641
2012-10-05,58.8218075
2012-10-06,58.5833337
2012-10-07,58.2435919
2012-10-08,59.7299258
2012-10-09,58.2819615
2012-10-10,58.6192293
2012-10-11,56.8920374
2012-10-12,57.7971577
2012-10-13,57.481394
2012-10-14,57.0939107
2012-10-15,57.5655648
2012-10-16,57.2992093
2012-10-17,57.7867199
2012-10-18,56.4776442
2012-10-19,56.9189526
2012-10-20,56.0613612
2012-10-21,56.2135444
2012-10-22,56.9795404
2012-10-23,55.8730896
2012-10-24,58.3362544
2012-10-25,55.1936319
2012-10-26,55.5130962
2012-10-27,54.7044666
2012-10-28,55.3271961
2012-10-29,55.4345912
2012-10-30,54.8805817
2012-10-31,55.1934834
2012-11-01,54.0194826
2012-11-02,54.968137
2012-11-03,53.8338001
2012-11-04,55.7866236
2012-11-05,54.2872047
2012-11-06,54.3950195
2012-11-07,53.809293
2012-11-08,53.5166794
2012-11-09,56.0192856
2012-11-10,53.0311962
2012-11-11,54.6486281
2012-11-12,52.8716002
2012-11-13,53.835297
2012-11-14,53.7301332
2012-11-15,53.1533974
2012-11-16,53.6149906
2012-11-17,52.6776921
2012-11-18,53.7887686
2012-11-19,52.9964711
2012-11-20,54.5550896
2012-11-21,53.4199876
2012-11-22,53.4724315
2012-11-23,53.1435538
2012-11-24,52.9883499
2012-11-25,53.8829676
2012-11-26,52.2071189
2012-11-27,53.9901216
2012-11-28,52.3897565
2012-11-29,52.465515
2012-11-30,51.8236402
2012-12-01,52.1651002
2012-12-02,53.5528276
2012-12-03,54.2148486
2012-12-04,53.0185093
2012-12-05,51.1393833
2012-12-06,52.2553832
2012-12-07,51.1951685
2012-12-08,51.5115986
2012-12-09,50.5587713
2012-12-10,50.91581
2012-12-11,51.5780215
2012-12-12,50.2469542
2012-12-13,51.6251884
2012-12-14,50.8607302
2012-12-15,51.9776011
2012-12-16,50.998388
2012-12-17,51.5400716
2012-12-18,51.6655839
2012-12-19,52.3307956
2012-12-20,51.7253367
2012-12-21,50.3010073
2012-12-22,51.2534605
2012-12-23,50.4313099
2012-12-24,50.9736017
2012-12-25,50.6363472
2012-12-26,50.4158672
2012-12-27,51.9317794
2012-12-28,50.1924392
2012-12-29,31.6105541
2012-12-30,49.9358534
2012-12-31,51.0717697
2013-01-01,49.9203005
2013-01-02,51.0639631
2013-01-03,51.6849871
2013-01-04,51.4253549
2013-01-05,52.1499017
2013-01-06,50.7362735
2013-01-07,52.3435426
2013-01-08,51.2171742
2013-01-09,52.3886075
2013-01-10,51.9506174
2013-01-11,51.9449153
2013-01-12,52.7474403
2013-01-13,51.5302895
2013-01-14,52.8357937
2013-01-15,50.6608913
2013-01-16,52.1144927
2013-01-17,50.6400267
2013-01-18,50.9548151
2013-01-19,51.7541721
2013-01-20,50.9843208
2013-01-21,52.1409764
2013-01-22,50.5006632
2013-01-23,52.3279967
2013-01-24,50.7058451
2013-01-25,51.3482536
2013-01-26,51.2735199
2013-01-27,51.6380929
2013-01-28,53.4946177
2013-01-29,51.5416882
2013-01-30,52.6104242
2013-01-31,50.8365279
2013-02-01,51.3750281
2013-02-02,50.4354791
2013-02-03,51.1069094
2013-02-04,51.8733985
2013-02-05,52.6149985
2013-02-06,51.5373416
2013-02-07,50.6440471
2013-02-08,51.7800357
2013-02-09,50.8139544
2013-02-10,51.2492707
2013-02-11,50.4233505
2013-02-12,50.9769517
2013-02-13,53.2237783
2013-02-14,51.1015939
2013-02-15,51.9096748
2013-02-16,50.7677353
2013-02-17,51.3351994
2013-02-18,50.8972488
2013-02-19,51.3600744
2013-02-20,51.3533028
2013-02-21,52.9422762
2013-02-22,51.3882774
2013-02-23,50.8001363
2013-02-24,51.6563349
2013-02-25,50.763328
2013-02-26,51.5237004
2013-02-27,51.397165
2013-02-28,51.2226995
2013-03-01,52.1949567
2013-03-02,50.5152105
2013-03-03,50.9411763
2013-03-04,50.369017
2013-03-05,50.976581
2013-03-06,50.86842
2013-03-07,50.6949378
2013-03-08,52.1936943
2013-03-09,53.0771225
2013-03-10,52.0176838
2013-03-11,50.1784313
2013-03-12,51.5512262
2013-03-13,50.4145632
2013-03-14,50.5317985
2013-03-15,51.2573092
2013-03-16,50.1882181
2013-03-17,52.2110828
2013-03-18,49.7920985
2013-03-19,50.9150202
2013-03-20,50.363755
2013-03-21,50.5308328
2013-03-22,50.3065512
2013-03-23,50.0523936
2013-03-24,50.7014009
2013-03-25,50.1555146
2013-03-26,51.5970814
2013-03-27,50.543043
2013-03-28,50.7099706
2013-03-29,50.6342013
2013-03-30,50.9639217
2013-03-31,51.581913
2013-04-01,51.2672649
2013-04-02,31.4375486
2013-04-03,50.6396691
2013-04-04,50.898999
2013-04-05,50.3461088
2013-04-06,50.9210008
2013-04-07,50.852431
2013-04-08,51.0299538
2013-04-09,52.0039845
2013-04-10,33.5848053
2013-04-11,52.8285215
2013-04-12,51.5838624
2013-04-13,52.2873603
2013-04-14,52.0021704
2013-04-15,51.9294779
2013-04-16,51.9741538
2013-04-17,52.6591212
2013-04-18,53.1601993
2013-04-19,52.5935074
2013-04-20,53.1219082
2013-04-21,52.7564535
2013-04-22,53.3067918
2013-04-23,53.2732216
2013-04-24,53.9055086
2013-04-25,54.2052128
2013-04-26,55.5730477
2013-04-27,55.4297406
2013-04-28,54.3254345
2013-04-29,54.9582922
2013-04-30,54.5455492
2013-05-01,54.9870652
2013-05-02,55.4142408
2013-05-03,55.9541587
2013-05-04,56.131052
2013-05-05,55.9737971
2013-05-06,56.564647
2013-05-07,56.3050443
2013-05-08,56.8505407
2013-05-09,56.7865979
2013-05-10,57.2868532
2013-05-14,54.4928599
2013-05-15,58.0793472
2013-05-16,57.5923854
2013-05-17,58.1140703
2013-05-18,58.032375
2013-05-19,57.3778907
2013-05-20,59.3827932
2013-05-21,57.5275568
2013-05-22,58.2383634
2013-05-23,57.6897425
2013-05-24,58.0366357
2013-05-25,57.9420994
2013-05-26,57.9170325
2013-05-27,58.3464444
2013-05-28,58.9016858
2013-05-29,59.1390284
2013-05-30,58.8395901
2013-05-31,59.4574573
2013-06-01,59.0307902
2013-06-02,58.6850534
2013-06-03,58.8174945
2013-06-04,58.8409241
2013-06-05,60.6036005
2013-06-06,58.8249277
2013-06-07,59.5102743
2013-06-08,58.9994871
2013-06-09,59.6372123
2013-06-10,59.6993081
2013-06-11,59.4095285
2013-06-12,60.3756821
2013-06-13,59.7754077
2013-06-14,60.4284157
2013-06-15,60.0532552
2013-06-16,60.6931286
2013-06-17,60.0314467
2013-06-18,59.9841647
2013-06-19,60.136167
2013-06-20,60.3803451
2013-06-21,61.8015071
2013-06-22,60.2179087
2013-06-23,60.9069547
2013-06-24,58.7647696
2013-06-25,60.8930216
2013-06-26,60.6085652
2013-06-27,60.6535474
2013-06-28,61.2527047
2013-06-29,61.0678116
2013-06-30,60.9443229
2013-07-01,60.2562987
2013-07-02,61.3263645
2013-07-03,60.8793443
2013-07-04,60.8483016
2013-07-05,60.7877238
2013-07-06,60.0909165
2013-07-07,60.8867523
2013-07-08,60.0874627
2013-07-09,61.2885628
2013-07-10,60.2553968
2013-07-11,60.8181815
2013-07-12,60.8622503
2013-07-13,60.7843978
2013-07-14,61.2747828
2013-07-15,60.9137702
2013-07-16,61.5319696
2013-07-17,60.7950944
2013-07-18,61.4966647
2013-07-19,60.7160438
2013-07-20,60.6429149
2013-07-21,60.9030432
2013-07-22,60.6306717
2013-07-23,61.1340017
2013-07-24,60.7404733
2013-07-25,61.5448863
2013-07-26,61.1547842
2013-07-27,61.5777922
2013-07-28,61.4749645
2013-07-29,61.0536449
2013-07-30,61.3696441
2013-07-31,60.9479623
2013-08-01,61.8008398
2013-08-02,60.6416415
2013-08-03,61.3755602
2013-08-04,60.7413626
2013-08-05,61.083775
2013-08-06,61.3457513
2013-08-07,60.9473367
2013-08-08,61.7921587
2013-08-09,60.6275663
2013-08-10,61.5147703
2013-08-11,40.6779687
2013-08-12,61.2632517
2013-08-13,61.1413649
2013-08-14,60.7158964
2013-08-15,41.3460449
2013-08-16,60.8660218
2013-08-17,62.0192171
2013-08-18,61.2879965
2013-08-19,61.9611728
2013-08-20,61.2993037
2013-08-21,61.3211059
2013-08-22,61.0597061
2013-08-23,60.5204028
2013-08-24,61.7639293
2013-08-25,60.9433346
2013-08-26,61.8727369
2013-08-27,61.1631309
2013-08-28,61.49431
2013-08-29,61.2036424
2013-08-30,60.6663202
2013-08-31,61.2640976
2013-09-01,60.5413963
2013-09-02,60.8517906
2013-09-03,60.4702063
2013-09-04,61.1994566
2013-09-05,60.582699
2013-09-06,60.8205853
2013-09-07,60.978372
2013-09-08,60.4517637
2013-09-09,61.733876
2013-09-10,60.4597782
2013-09-11,60.9944972
2013-09-12,60.1103554
2013-09-13,60.7868898
2013-09-14,60.2755567
2013-09-15,59.8174147
2013-09-16,60.4667513
2013-09-17,59.4174097
2013-09-18,60.8571206
2013-09-19,60.2989878
2013-09-20,60.6156419
2013-09-21,60.1011519
2013-09-22,59.6835717
2013-09-23,59.5551727
2013-09-24,59.1480203
2013-09-25,60.3214798
2013-09-26,59.4660704
2013-09-27,59.8168609
2013-09-28,58.7056559
2013-09-29,59.2078147
2013-09-30,58.1070649
2013-10-01,39.4533525
2013-10-02,58.2669446
2013-10-03,57.6589031
2013-10-04,58.8654328
2013-10-05,57.7950927
2013-10-06,59.1100451
2013-10-07,58.3574311
2013-10-08,57.9457271
2013-10-09,57.5454779
2013-10-10,56.9694758
2013-10-11,57.7284835
2013-10-12,56.8112207
2013-10-13,57.0834614
2013-10-14,56.3186728
2013-10-15,57.3586334
2013-10-16,57.5693955
2013-10-17,57.074746
2013-10-18,57.1824699
2013-10-19,56.420822
2013-10-20,57.5546525
2013-10-21,56.1227058
2013-10-22,56.935656
2013-10-23,56.1320865
2013-10-24,56.2813044
2013-10-25,56.8918156
2013-10-26,56.2734187
2013-10-27,56.7114618
2013-10-28,56.0588392
2013-10-29,57.3103735
2013-10-30,55.9163492
2013-10-31,57.1086403
2013-11-01,56.8949026
2013-11-02,56.1859259
2013-11-03,56.1745985
2013-11-04,55.9119784
2013-11-05,56.6895623
2013-11-06,55.0937099
2013-11-07,55.6627085
2013-11-08,53.7935702
2013-11-09,55.1072058
2013-11-10,54.4612593
2013-11-11,54.4969774
2013-11-12,55.0098383
2013-11-13,54.7258196
2013-11-14,55.5745472
2013-11-15,54.6065519
2013-11-16,54.745634
2013-11-17,53.8561047
2013-11-18,52.9607595
2013-11-19,53.2606366
2013-11-20,50.9124667
2013-11-21,53.724455
2013-11-22,52.3780275
2013-11-23,53.5154021
2013-11-24,52.042955
2013-11-25,52.3999891
2013-11-26,51.9827511
2013-11-27,52.1813835
2013-11-28,52.7730323
2013-11-29,51.8916578
2013-11-30,53.1444569
2013-12-01,52.1350491
2013-12-02,51.8521156
2013-12-03,50.7606611
2013-12-04,51.0161506
2013-12-05,50.9737523
2013-12-06,49.9961165
2013-12-07,50.5174734
2013-12-08,49.5172706
2013-12-09,50.1454897
2013-12-10,48.8851249
2013-12-11,49.5515267
2013-12-12,50.0674776
2013-12-13,50.485902
2013-12-14,52.5768007
2013-12-15,49.0976229
2013-12-16,50.8705672
2013-12-17,49.8209768
2013-12-18,51.2945273
2013-12-19,49.7550977
2013-12-20,50.5152976
2013-12-21,51.5293307
2013-12-22,53.0700877
2013-12-23,52.3810498
2013-12-24,50.7974505
2013-12-25,52.204822
2013-12-26,50.9602122
2013-12-27,51.9031359
2013-12-28,51.6093206
2013-12-29,51.7356733
2013-12-30,52.7210251
2013-12-31,51.1893661
2014-01-01,52.6493268
2014-01-02,50.8707301
2014-01-03,52.3286052
2014-01-04,51.8229157
2014-01-05,53.0082441
2014-01-06,52.6916056
2014-01-07,52.1458433
2014-01-08,52.6757368
2014-01-09,51.6175106
2014-01-10,52.7137513
2014-01-11,51.5601352
2014-01-12,52.435431
2014-01-13,51.9164853
2014-01-14,52.132785
2014-01-15,52.3932727
2014-01-16,51.9546383
2014-01-17,52.3432937
2014-01-18,51.095521
2014-01-19,51.9479851
2014-01-20,51.3591368
2014-01-21,51.7966765
2014-01-22,51.8952156
2014-01-23,52.6040947
2014-01-24,51.3330933
2014-01-25,50.2785432
2014-01-26,51.698274
2014-01-27,50.04234
2014-01-28,51.2280503
2014-01-29,50.9692557
2014-01-30,51.4947366
2014-01-31,52.2265449
2014-02-01,51.5069432
2014-02-02,52.260678
2014-02-03,51.2467685
2014-02-04,52.232375
2014-02-05,51.4412841
2014-02-06,51.7792275
2014-02-07,52.304901
2014-02-08,52.2984137
2014-02-09,52.3688584
2014-02-10,51.2913436
2014-02-11,52.2755447
2014-02-12,51.2321121
2014-02-13,51.8650677
2014-02-14,51.579559
2014-02-15,51.8158105
2014-02-16,53.4356203
2014-02-17,52.0223977
2014-02-18,52.392849
2014-02-19,50.7057093
2014-02-20,52.0231269
2014-02-21,51.1031372
2014-02-22,51.8068991
2014-02-23,52.3765495
2014-02-24,52.2057851
2014-02-25,53.0479298
2014-02-26,51.7523151
2014-02-27,52.3721586
2014-02-28,51.5543863
2014-03-01,51.7671064
2014-03-02,51.4903929
2014-03-03,51.5795648
2014-03-04,52.5646486
2014-03-05,51.6227346
2014-03-06,52.5715372
2014-03-07,51.2662788
2014-03-08,52.2476469
2014-03-09,51.9796934
2014-03-10,51.7282546
2014-03-11,52.2447882
2014-03-12,52.9082563
2014-03-13,51.8909747
2014-03-14,50.9060824
2014-03-15,51.867496
2014-03-16,51.486632
2014-03-17,51.5981813
2014-03-18,51.8733666
2014-03-19,51.8464772
2014-03-20,53.0606088
2014-03-21,51.8287426
2014-03-22,53.0920223
2014-03-23,52.4654003
2014-03-24,52.8364535
2014-03-25,52.3829897
2014-03-26,52.1548007
2014-03-27,52.606271
2014-03-28,53.8510971
2014-03-29,52.7119655
2014-03-30,52.1448275
2014-03-31,53.0115691
2014-04-01,52.3769152
2014-04-02,52.5220792
2014-04-03,53.1808088
2014-04-04,53.1090404
2014-04-05,53.7525788
2014-04-06,53.6332267
2014-04-07,54.7417747
2014-04-08,53.8887057
2014-04-09,54.241914
2014-04-10,53.9325616
2014-04-11,54.0365981
2014-04-12,54.4124134
2014-04-13,54.1460142
2014-04-14,53.9438523
2014-04-15,52.8147413
2014-04-16,54.1547979
2014-04-17,54.2219074
2014-04-18,54.8076445
2014-04-19,55.0415012
2014-04-20,55.2509114
2014-04-21,56.1108489
2014-04-22,54.9767096
2014-04-23,55.5198384
2014-04-24,54.9359911
2014-04-25,55.4780864
2014-04-26,55.4707689
2014-04-27,55.7822476
2014-04-28,55.9762525
2014-04-29,55.9967986
2014-04-30,36.5951648
2014-05-01,36.3326342
2014-05-02,55.9700763
2014-05-03,55.9178408
2014-05-04,56.3735199
2014-05-05,56.5933302
2014-05-06,56.3046781
2014-05-07,54.7380742
2014-05-08,56.5652534
2014-05-09,38.318078
2014-05-10,56.7188099
2014-05-11,56.7897882
2014-05-12,56.6474397
2014-05-13,56.8820748
2014-05-14,57.2232495
2014-05-15,56.750777
2014-05-16,57.8084908
2014-05-17,57.0875717
2014-05-18,57.4100788
2014-05-19,57.1882756
2014-05-20,57.7870723
2014-05-21,57.8977195
2014-05-22,57.7842796
2014-05-23,58.743957
2014-05-24,58.1368038
2014-05-25,58.7615912
2014-05-26,57.8261173
2014-05-27,58.151147
2014-05-28,58.0129456
2014-05-29,58.155323
2014-05-30,58.7253012
2014-05-31,58.6046625
2014-06-01,59.5804546
2014-06-02,58.9578024
2014-06-03,59.6295519
2014-06-04,59.372086
2014-06-05,59.6153624
2014-06-06,59.2955174
2014-06-07,58.7167037
2014-06-08,59.7713572
2014-06-09,59.2906086
2014-06-10,59.6939135
2014-06-11,59.2702719
2014-06-12,59.7460028
2014-06-13,59.1908746
2014-06-14,59.3024463
2014-06-15,59.888335
2014-06-16,59.6270727
2014-06-17,60.550806
2014-06-18,59.70327
2014-06-19,60.3753264
2014-06-20,60.0362504
2014-06-21,60.3704881
2014-06-22,60.398778
2014-06-23,59.9595548
2014-06-24,60.5612999
2014-06-25,59.9532955
2014-06-26,60.8463129
2014-06-27,60.5964645
2014-06-28,61.0229363
2014-06-29,60.720464
2014-06-30,60.6657598
2014-07-01,61.1611229
2014-07-02,60.8408565
2014-07-03,61.2367697
2014-07-04,60.3262895
2014-07-05,61.4258021
2014-07-06,60.8515178
2014-07-07,60.9145417
2014-07-08,61.0134582
2014-07-09,60.5026444
2014-07-10,61.4439709
2014-07-11,60.7039208
2014-07-12,61.5954876
2014-07-13,60.9091946
2014-07-14,61.2062829
2014-07-15,60.7363056
2014-07-16,60.6854661
2014-07-17,60.8563449
2014-07-18,60.674396
2014-07-19,61.6604323
2014-07-20,61.0246557
2014-07-21,61.6557565
2014-07-22,40.3952307
2014-07-23,61.1505711
2014-07-24,61.2060493
2014-07-25,61.0831167
2014-07-26,61.6624221
2014-07-27,61.0703037
2014-07-28,61.4377215
2014-07-29,60.9225561
2014-07-30,61.7600295
2014-07-31,40.0267852
2014-08-01,61.0859631
2014-08-02,61.5854226
2014-08-03,61.2649959
2014-08-04,61.6169515
2014-08-05,60.6415973
2014-08-06,61.5535719
2014-08-07,60.9315327
2014-08-08,60.9656457
2014-08-09,61.3204224
2014-08-10,61.0341267
2014-08-11,61.7286313
2014-08-12,60.6724467
2014-08-13,61.5377038
2014-08-14,60.8250699
2014-08-15,61.5635394
2014-08-16,61.3554187
2014-08-17,60.6122083
2014-08-18,61.3376353
2014-08-19,60.7958015
2014-08-20,61.658135
2014-08-21,60.8824368
2014-08-22,61.6026947
2014-08-23,61.0404176
2014-08-24,61.4061083
2014-08-25,60.8355233
2014-08-26,60.5236354
2014-08-27,61.3176262
2014-08-28,60.6365725
2014-08-29,61.3050813
2014-08-30,60.6406631
2014-08-31,60.9968515
2014-09-01,61.1009442
2014-09-02,60.5632905
2014-09-03,60.9382313
2014-09-04,60.2142818
2014-09-05,61.0585551
2014-09-06,60.2705897
2014-09-07,60.9235518
2014-09-08,60.3756277
2014-09-09,60.8750953
2014-09-10,60.8140646
2014-09-11,60.3593116
2014-09-12,61.8300562
2014-09-13,60.5176056
2014-09-14,61.3044362
2014-09-15,60.4511313
2014-09-16,60.7289047
2014-09-17,60.6072624
2014-09-18,59.9475601
2014-09-19,60.9821335
2014-09-20,60.1800116
2014-09-21,60.6263405
2014-09-22,59.68863
2014-09-23,60.7283858
2014-09-24,60.0804185
2014-09-25,60.1537144
2014-09-26,60.1274228
2014-09-27,59.5004466
2014-09-28,60.737025
2014-09-29,58.7740085
2014-09-30,60.1945407
2014-10-01,59.1563687
2014-10-02,59.7710858
2014-10-03,59.2367084
2014-10-04,58.8280106
2014-10-05,40.7829281
2014-10-06,59.2919001
2014-10-07,58.9640338
2014-10-08,58.3405033
2014-10-09,59.4890025
2014-10-10,58.4555871
2014-10-11,58.0572156
2014-10-12,57.8585788
2014-10-13,57.6282047
2014-10-14,58.2983208
2014-10-15,57.3001715
2014-10-16,57.8547956
2014-10-17,56.7912609
2014-10-18,56.2201768
2014-10-19,55.5524831
2014-10-20,55.5904336
2014-10-21,55.915471
2014-10-22,54.7515756
2014-10-23,55.4789552
2014-10-24,54.6352877
2014-10-25,55.6076657
2014-10-26,54.8664872
2014-10-27,55.4846251
2014-10-28,55.3156137
2014-10-29,55.4999968
2014-10-30,57.031312
2014-10-31,54.2453533
2014-11-01,55.0943887
2014-11-02,54.8690004
2014-11-03,55.2983819
2014-11-04,54.4520151
2014-11-05,53.8402207
2014-11-06,55.0543804
2014-11-07,54.3633482
2014-11-08,54.8161327
2014-11-09,53.4802252
2014-11-10,53.9423676
2014-11-11,52.8874309
2014-11-12,52.4444556
2014-11-13,51.7245558
2014-11-14,51.2389779
2014-11-15,53.897366
2014-11-16,51.3846481
2014-11-17,52.5490905
2014-11-18,51.3928918
2014-11-19,52.2991466
2014-11-20,51.9482952
2014-11-21,52.1709499
2014-11-22,52.5015615
2014-11-23,51.6376753
2014-11-24,52.9730081
2014-11-25,52.0409515
2014-11-26,52.9804325
2014-11-27,51.9538956
2014-11-28,52.0819606
2014-11-29,53.1149056
2014-11-30,52.4142294
2014-12-01,33.697056
2014-12-02,51.2357401
2014-12-03,53.011734
2014-12-04,52.052268
2014-12-05,53.062523
2014-12-06,52.5620616
2014-12-07,51.9258186
2014-12-08,52.5036534
2014-12-09,51.7249612
2014-12-10,53.288946
2014-12-11,51.8420123
2014-12-12,53.1387188
2014-12-13,52.6907367
2014-12-14,52.4329443
2014-12-15,51.9755414
2014-12-16,51.5410084
2014-12-17,54.5420737
2014-12-18,51.5713861
2014-12-19,53.0163185
2014-12-20,51.0904767
2014-12-21,52.8191264
2014-12-22,51.1530914
2014-12-23,51.8471735
2014-12-24,52.0326419
2014-12-25,52.9007047
2014-12-26,51.954237
2014-12-27,50.6104747
2014-12-28,51.9531507
2014-12-29,50.3655965
2014-12-30,51.3145936
2014-12-31,50.8975377
2015-01-01,51.2389589
2015-01-02,53.0069556
2015-01-03,51.4309226
2015-01-04,52.2668362
2015-01-05,50.7093789
2015-01-06,51.8300921
2015-01-07,50.2965966
2015-01-08,51.0743158
2015-01-09,51.287956
2015-01-10,50.0476936
2015-01-11,52.0679268
2015-01-12,50.8755798
2015-01-13,51.6929151
2015-01-14,50.3749803
2015-01-15,51.4396773
2015-01-16,50.7121503
2015-01-17,51.4205317
2015-01-18,53.6498275
2015-01-19,51.0754229
2015-01-20,51.8619571
2015-01-21,50.9102495
2015-01-22,52.2419801
2015-01-23,51.7579463
2015-01-24,51.7546909
2015-01-25,52.5369502
2015-01-26,51.1256211
2015-01-27,52.5394328
2015-01-28,51.0354759
2015-01-29,52.0940613
2015-01-30,50.7161104
2015-01-31,51.9395392
2015-02-01,51.4656432
2015-02-02,51.1103653
2015-02-03,52.8180118
2015-02-04,50.8630434
2015-02-05,52.5623596
2015-02-06,50.849716
2015-02-07,53.0195572
2015-02-08,51.1651973
2015-02-09,51.792249
2015-02-10,51.6091657
2015-02-11,50.3395621
2015-02-12,51.9106885
2015-02-13,50.7644867
2015-02-14,52.2357674
2015-02-15,51.079298
2015-02-16,51.5604961
2015-02-17,50.776616
2015-02-18,50.9956384
2015-02-19,52.2518903
2015-02-20,50.7989708
2015-02-21,52.0694169
2015-02-22,51.0969312
2015-02-23,52.0714233
2015-02-24,51.2813094
2015-02-25,51.5617968
2015-02-26,51.3164586
2015-02-27,51.3721623
2015-02-28,51.0186058
2015-03-01,50.3901842
2015-03-02,51.2104673
2015-03-03,50.4596144
2015-03-04,50.7698978
2015-03-05,50.9053892
2015-03-06,51.640147
2015-03-07,52.6365134
2015-03-08,52.1437776
2015-03-09,52.918836
2015-03-10,51.9784438
2015-03-11,52.4821069
2015-03-12,52.0282347
2015-03-13,51.7940623
2015-03-14,52.2119328
2015-03-15,51.9639074
2015-03-16,52.7766958
2015-03-17,51.7328114
2015-03-18,52.3104371
2015-03-19,52.5151069
2015-03-20,52.5123537
2015-03-21,52.0654849
2015-03-22,51.2347809
2015-03-23,52.2079752
2015-03-24,52.3366739
2015-03-25,53.0813777
2015-03-26,52.2639146
2015-03-27,52.4254635
2015-03-28,52.1654366
2015-03-29,51.8664803
2015-03-30,52.1907323
2015-03-31,51.6989401
2015-04-01,52.2482757
2015-04-02,51.5460332
2015-04-03,51.793582
2015-04-04,51.2641005
2015-04-05,51.389507
2015-04-06,51.9165796
2015-04-07,52.0624426
2015-04-08,53.4565858
2015-04-09,52.1031984
2015-04-10,52.7177152
2015-04-11,52.068619
2015-04-12,52.7509408
2015-04-13,53.07351
2015-04-14,52.7318679
2015-04-15,53.392611
2015-04-16,53.5740593
2015-04-17,54.0363829
2015-04-18,53.0808238
2015-04-19,54.1431553
2015-04-20,53.7543254
2015-04-21,53.8985454
2015-04-22,53.9245914
2015-04-23,54.155346
2015-04-24,52.2471571
2015-04-25,54.7519098
2015-04-26,55.1039719
2015-04-27,54.3230432
2015-04-28,55.1193982
2015-04-29,55.1173895
2015-04-30,54.7921278
2015-05-01,55.3745339
2015-05-02,53.7884317
2015-05-03,55.9927428
2015-05-04,55.1928471
2015-05-05,55.5572481
2015-05-06,54.9822835
2015-05-07,55.2096968
2015-05-08,55.7388739
2015-05-09,55.7511924
2015-05-10,53.6099932
2015-05-11,56.2163706
2015-05-12,56.3537016
2015-05-13,55.5612232
2015-05-14,56.0463879
2015-05-15,56.1722762
2015-05-16,56.4480239
2015-05-17,57.2754881
2015-05-18,56.50023
2015-05-19,57.6028756
2015-05-20,56.9436587
2015-05-21,58.3047198
2015-05-22,57.4271119
2015-05-23,57.1823025
2015-05-24,57.5014387
2015-05-25,57.6657933
2015-05-26,58.3398473
2015-05-27,57.9855657
2015-05-28,58.1970883
2015-05-29,57.9892433
2015-05-30,58.0956853
2015-05-31,57.8055047
2015-06-01,57.5980604
2015-06-02,58.450749
2015-06-03,58.3829249
2015-06-04,58.8321343
2015-06-05,58.3854951
2015-06-06,59.1494777
2015-06-07,59.080188
2015-06-08,59.4411311
2015-06-09,59.4033492
2015-06-10,59.1356584
2015-06-11,59.9376219
2015-06-12,59.4793295
2015-06-13,60.0353698
2015-06-14,59.4807345
2015-06-15,60.390108
2015-06-16,59.8362292
2015-06-17,60.0177637
2015-06-18,60.2297685
2015-06-19,60.0233076
2015-06-20,60.6186058
2015-06-21,59.8584538
2015-06-22,60.6980267
2015-06-23,60.0701365
2015-06-24,60.5963074
2015-06-25,60.5958032
2015-06-26,60.4419083
2015-06-27,61.1999292
2015-06-28,60.70195
2015-06-29,61.1554823
2015-06-30,60.3511386
2015-07-01,60.8805928
2015-07-02,60.6625529
2015-07-03,60.3675408
2015-07-04,60.8459159
2015-07-05,60.2010894
2015-07-06,61.38972
2015-07-07,60.3859009
2015-07-08,61.2348246
2015-07-09,60.7723451
2015-07-10,60.6580651
2015-07-11,61.0175165
2015-07-12,60.4873869
2015-07-13,61.7268998
2015-07-14,60.6584864
2015-07-15,61.3748883
2015-07-16,60.4727202
2015-07-17,61.1089845
2015-07-18,60.8757608
2015-07-19,60.3669253
2015-07-20,61.1917038
2015-07-21,60.431114
2015-07-22,61.2405857
2015-07-23,60.4414521
2015-07-24,61.2757459
2015-07-25,60.8966151
2015-07-26,61.0391042
2015-07-27,61.2463804
2015-07-28,60.6389397
2015-07-29,61.8067004
2015-07-30,60.8426354
2015-07-31,61.5068061
2015-08-01,60.6075275
2015-08-02,61.4878555
2015-08-03,61.2060579
2015-08-04,60.6594321
2015-08-05,61.638514
2015-08-06,60.9220498
2015-08-07,61.7941658
2015-08-08,60.8240884
2015-08-09,61.6828254
2015-08-10,61.1856528
2015-08-11,61.3097342
2015-08-12,61.305943
2015-08-13,60.6526813
2015-08-14,61.8195755
2015-08-15,60.398059
2015-08-16,61.3041451
2015-08-17,60.2543367
2015-08-18,60.9626288
2015-08-19,60.9248918
2015-08-20,60.8492282
2015-08-21,61.1994945
2015-08-22,60.577602
2015-08-23,61.3317951
2015-08-24,60.4728499
2015-08-25,61.0479489
2015-08-26,60.6536977
2015-08-27,60.6821659
2015-08-28,61.1768656
2015-08-29,60.7173348
2015-08-30,61.3118156
2015-08-31,60.4607784
2015-09-01,61.5484305
2015-09-02,60.6813769
2015-09-03,60.7064408
2015-09-04,60.3773824
2015-09-05,60.1602408
2015-09-06,60.858214
2015-09-07,59.7715224
2015-09-08,60.6720542
2015-09-09,60.1007144
2015-09-10,60.5031883
2015-09-11,60.3393151
2015-09-12,60.2905029
2015-09-13,60.3311465
2015-09-14,59.5058827
2015-09-15,60.8773325
2015-09-16,60.0657335
2015-09-17,61.1891837
2015-09-18,60.0694875
2015-09-19,60.2743057
2015-09-20,59.9504183
2015-09-21,59.8154114
2015-09-22,60.42717
2015-09-23,59.0416756
2015-09-24,60.5909014
2015-09-25,59.1964456
2015-09-26,59.9122855
2015-09-27,59.3138759
2015-09-28,59.3612403
2015-09-29,59.3679716
2015-09-30,58.5231012
2015-10-01,57.2267726
2015-10-02,58.2411246
2015-10-03,59.3765799
2015-10-04,58.6529828
2015-10-05,59.3647292
2015-10-06,58.6756557
2015-10-07,57.8122863
2015-10-08,58.6846106
2015-10-09,57.3139774
2015-10-10,58.5036336
2015-10-11,57.2997322
2015-10-12,57.937338
2015-10-13,57.7072385
2015-10-14,57.2063827
2015-10-15,57.4475224
2015-10-16,56.3400793
2015-10-17,58.6544491
2015-10-18,56.2469384
2015-10-19,57.4272709
2015-10-20,56.5053495
2015-10-21,56.7227052
2015-10-22,56.456998
2015-10-23,55.5306865
2015-10-24,56.1850531
2015-10-25,56.0939509
2015-10-26,56.4938339
2015-10-27,54.8865049
2015-10-28,55.4791427
2015-10-29,55.1503335
2015-10-30,55.2328231
2015-10-31,55.6792514
2015-11-01,55.1735803
2015-11-02,56.7001963
2015-11-03,54.062556
2015-11-04,55.4746179
2015-11-05,54.5075688
2015-11-06,54.9541266
2015-11-07,54.415637
2015-11-08,54.2006465
2015-11-09,54.1698684
2015-11-10,55.4306037
2015-11-11,54.3645751
2015-11-12,53.493397
2015-11-13,54.0423312
2015-11-14,53.1149599
2015-11-15,53.2122093
2015-11-16,53.3180798
2015-11-17,53.1662269
2015-11-18,54.782288
2015-11-19,52.0228177
2015-11-20,53.242234
2015-11-21,52.1139761
2015-11-22,53.4185798
2015-11-23,52.6896433
2015-11-24,51.7971562
2015-11-25,52.8556381
2015-11-26,52.403386
2015-11-27,52.995138
2015-11-28,52.0356017
2015-11-29,53.977541
2015-11-30,52.0289567
2015-12-01,52.7557731
2015-12-02,52.6255402
2015-12-03,47.7200756
2015-12-04,57.904584
2015-12-05,51.3055754
2015-12-06,53.0229079
2015-12-07,52.0440276
2015-12-08,52.6647358
2015-12-09,52.0623836
2015-12-10,52.6892821
2015-12-11,53.1007817
2015-12-12,53.6779812
2015-12-13,53.5534632
2015-12-14,51.617382
2015-12-15,51.9990508
2015-12-16,50.5015519
2015-12-17,51.7649317
2015-12-18,51.0722035
2015-12-19,50.7860177
2015-12-20,52.1841665
2015-12-21,51.6435523
2015-12-22,53.0571792
2015-12-23,51.9753186
2015-12-24,52.3317665
2015-12-25,51.3613358
2015-12-26,51.7989688
2015-12-27,52.0840753
2015-12-28,52.3504606
2015-12-29,51.5549662
2015-12-30,51.0420508
2015-12-31,52.0797291
2016-01-01,50.6378973
2016-01-02,51.1072769
2016-01-03,50.291183
2016-01-04,50.394652
2016-01-05,51.896179
2016-01-06,50.6788479
2016-01-07,52.3170885
2016-01-08,50.6953051
2016-01-09,52.2610596
2016-01-10,50.6341752
2016-01-11,51.1578709
2016-01-12,51.3810853
2016-01-13,50.0540455
2016-01-14,51.0407281
2016-01-15,50.1963508
2016-01-16,52.0692321
2016-01-17,49.9736285
2016-01-18,50.9100447
2016-01-19,50.368367
2016-01-20,51.0997474
2016-01-21,53.0545723
2016-01-22,50.7141961
2016-01-23,51.6612873
2016-01-24,50.6091275
2016-01-25,51.5530319
2016-01-26,50.8117813
2016-01-27,51.0607183
2016-01-28,52.0153572
2016-01-29,51.976861
2016-01-30,51.916368
2016-01-31,51.1676987
2016-02-01,52.7418061
2016-02-02,51.3039017
2016-02-03,51.5309
2016-02-04,51.4692124
2016-02-05,50.9349264
2016-02-06,53.6701481
2016-02-07,51.2182662
2016-02-08,52.4467992
2016-02-09,51.0384164
2016-02-10,52.2499186
2016-02-11,51.9607146
2016-02-12,52.500693
2016-02-13,52.7853856
2016-02-14,53.3126045
2016-02-15,52.3638705
2016-02-16,51.6830026
2016-02-17,52.4561268
2016-02-18,52.0662522
2016-02-19,52.2684143
2016-02-20,52.1753868
2016-02-21,52.0224145
2016-02-22,52.7265102
2016-02-23,50.9383878
2016-02-24,51.9666057
2016-02-25,50.4165836
2016-02-26,51.2468381
2016-02-27,50.5110942
2016-02-28,51.0267982
2016-02-29,36.5873731
2016-03-01,31.7333049
2016-03-02,31.3479996
2016-03-03,31.376948
2016-03-04,31.1419114
2016-03-05,31.7199084
2016-03-06,31.385558
2016-03-07,31.5445544
2016-03-08,31.9454794
2016-03-09,33.106754
2016-03-10,31.7710021
2016-03-11,33.0298783
2016-03-12,32.9469278
2016-03-13,32.390375
2016-03-14,32.1842922
2016-03-15,32.1616106
2016-03-16,32.0000596
2016-03-17,32.4179874
2016-03-18,32.3213356
2016-03-19,32.2697602
2016-03-20,33.3949738
2016-03-21,33.2932387
2016-03-22,33.3385702
2016-03-23,32.7040905
2016-03-24,33.1004553
2016-03-25,34.9398971
2016-03-26,33.4563172
2016-03-27,33.8536885
2016-03-28,34.014854
2016-03-29,33.8833889
2016-03-30,33.7602993
2016-03-31,33.260879
2016-04-01,33.5780277
2016-04-02,35.335837
2016-04-03,33.8702119
2016-04-04,34.0444406
2016-04-05,33.9992013
2016-04-06,33.7652483
2016-04-07,33.9807521
2016-04-08,34.0698146
2016-04-09,34.2000119
2016-04-10,36.5266341
2016-04-11,34.7904988
2016-04-12,35.4720662
2016-04-13,35.0763069
2016-04-14,34.8587825
2016-04-15,34.9519262
2016-04-16,33.0235729
2016-04-17,35.5347173
2016-04-18,35.3882605
2016-04-19,35.5039073
2016-04-20,35.5164743
2016-04-21,35.48507
2016-04-22,35.287575
2016-04-23,35.6462458
2016-04-24,36.393487
2016-04-25,35.5435146
2016-04-26,38.7739769
2016-04-27,35.8832527
2016-04-28,37.0386522
2016-04-29,36.8666876
2016-04-30,36.9450905
2016-05-01,37.2633304
2016-05-02,36.0459995
2016-05-03,36.3622518
2016-05-04,37.1732502
2016-05-05,36.8342827
2016-05-06,36.4565296
2016-05-07,36.935861
2016-05-08,37.1379422
2016-05-09,37.318044
2016-05-10,37.5780162
2016-05-11,36.7971305
2016-05-12,40.193158
2016-05-13,37.1400341
2016-05-14,38.6141455
2016-05-15,38.041015
2016-05-16,37.943776
2016-05-17,38.3761826
2016-05-18,37.9824199
2016-05-19,38.7948785
2016-05-20,38.4367335
2016-05-21,39.1118263
2016-05-22,38.6804303
2016-05-23,39.2089306
2016-05-24,39.3497168
2016-05-25,39.1018375
2016-05-26,39.1596689
2016-05-27,38.1354314
2016-05-28,39.2355089
2016-05-29,38.9490241
2016-05-30,39.3699982
2016-05-31,39.0406945
2016-06-01,38.9576581
2016-06-02,39.1869021
2016-06-03,38.8408014
2016-06-04,39.2497538
2016-06-05,40.8357515
2016-06-06,39.5718562
2016-06-07,38.8500414
2016-06-08,39.4900867
2016-06-09,39.6332963
2016-06-10,39.228691
2016-06-11,40.2523431
2016-06-12,39.8613239
2016-06-13,42.7592605
2016-06-14,39.8660909
2016-06-15,40.1242316
2016-06-16,40.1213043
2016-06-17,39.9931886
2016-06-18,40.293407
2016-06-19,39.8071613
2016-06-20,40.5076604
2016-06-21,40.9255977
2016-06-22,40.3798738
2016-06-23,39.6227837
2016-06-24,40.2350887
2016-06-25,40.0747109
2016-06-26,39.8946062
2016-06-27,40.5432647
2016-06-28,39.5501232
2016-06-29,40.9427756
2016-06-30,39.3984376
2016-07-01,40.0674537
2016-07-02,39.8471818
2016-07-03,39.8978928
2016-07-04,40.332923
2016-07-05,39.6200174
2016-07-06,40.9141038
2016-07-07,39.6109264
2016-07-08,40.5045299
2016-07-09,39.5213849
2016-07-10,39.9003034
2016-07-11,40.0265886
2016-07-12,39.7811398
2016-07-13,40.1106133
2016-07-14,39.3807417
2016-07-15,39.6340677
2016-07-16,39.7111916
2016-07-17,40.5571642
2016-07-18,40.3130608
2016-07-19,40.6757581
2016-07-20,40.6171007
2016-07-21,39.9053246
2016-07-22,40.463368
2016-07-23,39.9752046
2016-07-24,40.8575218
2016-07-25,39.6600175
2016-07-26,39.881195
2016-07-27,39.2397458
2016-07-28,39.4204507
2016-07-29,39.7940982
2016-07-30,38.8673012
2016-07-31,39.4415829
2016-08-01,39.2581267
2016-08-02,40.3038471
2016-08-03,40.0926787
2016-08-04,39.9451693
2016-08-05,40.1598087
2016-08-06,39.3818347
2016-08-07,40.3840495
2016-08-08,39.5800667
2016-08-09,40.4013409
2016-08-10,40.0587802
2016-08-11,40.737713
2016-08-12,40.7067174
2016-08-13,40.382053
2016-08-14,39.9922301
2016-08-15,39.4199379
2016-08-16,39.4183943
2016-08-17,39.7383217
2016-08-18,40.3612444
2016-08-19,39.6149582
2016-08-20,40.3946162
2016-08-21,40.5082865
2016-08-22,40.0335548
2016-08-23,40.7413473
2016-08-24,39.6678199
2016-08-25,40.9994018
2016-08-26,39.7364958
2016-08-27,40.2624105
2016-08-28,39.9254117
2016-08-29,40.0475273
2016-08-30,40.8994798
2016-08-31,40.3308674
2016-09-01,41.7450693
2016-09-02,40.2641629
2016-09-03,41.9460637
2016-09-04,41.4242206
2016-09-05,41.9145642
2016-09-06,42.4097849
2016-09-07,41.1920497
2016-09-08,41.470407
2016-09-09,40.5164033
2016-09-10,41.6599867
2016-09-11,40.8406126
2016-09-12,41.3867826
2016-09-13,41.2771874
2016-09-14,40.339831
2016-09-15,41.556263
2016-09-16,40.9840133
2016-09-17,42.6049452
2016-09-18,40.6634902
2016-09-19,42.0495042
2016-09-20,41.8436528
2016-09-21,41.3246057
2016-09-22,41.3828341
2016-09-23,41.0359281
2016-09-24,42.0529994
2016-09-25,41.0081525
2016-09-26,41.6325963
2016-09-27,40.5810124
2016-09-28,40.2003756
2016-09-29,40.3903801
2016-09-30,39.6430636
2016-10-01,40.0950463
2016-10-02,40.1364484
2016-10-03,40.1589645
2016-10-04,40.5140135
2016-10-05,40.9280081
2016-10-06,40.5682072
2016-10-07,40.6372761
2016-10-08,40.7784789
2016-10-09,40.1773738
2016-10-10,40.9269833
2016-10-11,39.9893413
2016-10-12,41.0297742
2016-10-13,39.9532947
2016-10-14,40.1744987
2016-10-15,39.8850579
2016-10-16,39.5575417
2016-10-17,39.618024
2016-10-18,39.1527428
2016-10-19,39.8705054
2016-10-20,38.8383748
2016-10-21,40.0739471
2016-10-22,39.5604523
2016-10-23,38.2754685
2016-10-24,37.7470366
2016-10-25,37.3298897
2016-10-26,38.2364601
2016-10-27,37.7030555
2016-10-28,38.7158187
2016-10-29,37.5252521
2016-10-30,37.6243868
2016-10-31,36.6285672
2016-11-01,35.8684239
2016-11-02,36.4850999
2016-11-03,36.2231893
2016-11-04,37.2280587
2016-11-05,34.6737256
2016-11-06,34.8550694
2016-11-07,34.3641419
2016-11-08,35.0117188
2016-11-09,35.3395564
2016-11-10,34.4108597
2016-11-11,35.6230186
2016-11-12,35.2919382
2016-11-13,35.8687613
2016-11-14,34.4804592
2016-11-15,34.3177218
2016-11-16,33.7403984
2016-11-17,33.2204064
2016-11-18,34.3157399
2016-11-19,33.2841864
2016-11-20,34.3605833
2016-11-21,34.0433935
2016-11-22,35.4878454
2016-11-23,35.6496998
2016-11-24,34.9822463
2016-11-25,34.5210894
2016-11-26,33.9020891
2016-11-27,34.7077127
2016-11-28,34.4589108
2016-11-29,34.2446043
2016-11-30,33.609708
2016-12-01,34.0186229
2016-12-02,33.2982953
2016-12-03,32.3391269
2016-12-04,32.5525611
2016-12-05,30.8970604
2016-12-06,31.975593
2016-12-07,30.4945641
2016-12-08,31.1090043
2016-12-09,30.6709641
2016-12-10,31.0892146
2016-12-11,30.9012992
2016-12-12,30.4006883
2016-12-13,30.9648609
2016-12-14,31.0930463
2016-12-15,31.9680176
2016-12-16,31.3352884
2016-12-17,31.7118139
2016-12-18,32.0207584
2016-12-19,32.0120029
2016-12-20,32.6132335
2016-12-21,32.5332492
2016-12-22,33.1888785
2016-12-23,31.5634384
2016-12-24,32.1610905
2016-12-25,31.8774121
2016-12-26,31.9662724
2016-12-27,31.8697159
2016-12-28,31.1246858
2016-12-29,31.5559585
2016-12-30,31.195289
2016-12-31,31.8267287
2017-01-01,32.0908544
2017-01-02,31.6773996
2017-01-03,31.5556272
2017-01-04,31.2732872
2017-01-05,30.6961131
2017-01-06,31.0364481
2017-01-07,31.141057
2017-01-08,30.8572702
2017-01-09,30.8773632
2017-01-10,30.9455651
2017-01-11,31.0026352
2017-01-12,31.1975788
2017-01-13,30.8661699
2017-01-14,31.2990062
2017-01-15,31.3819126
2017-01-16,31.9954272
2017-01-17,32.0044116
2017-01-18,32.2464092
2017-01-19,31.6012937
2017-01-20,31.5620035
2017-01-21,30.3109909
2017-01-22,30.5610697
2017-01-23,31.3427703
2017-01-24,30.7357018
2017-01-25,30.9133637
2017-01-26,30.1361863
2017-01-27,30.5208396
2017-01-28,30.5384783
2017-01-29,30.7013105
2017-01-30,30.0059342
2017-01-31,30.3632814
2017-02-01,30.3361683
2017-02-02,30.3397759
2017-02-03,30.8755093
2017-02-04,30.4707394
2017-02-05,30.4908122
2017-02-06,30.6380851
2017-02-07,30.5248792
2017-02-08,31.2343739
2017-02-09,30.3027805
2017-02-10,31.0102207
2017-02-11,30.9187197
2017-02-12,30.4425677
2017-02-13,30.9370204
2017-02-14,30.9475173
2017-02-15,31.389752
2017-02-16,31.4917067
2017-02-17,31.3253792
2017-02-18,30.7224454
2017-02-19,30.2229101
2017-02-20,30.5903802
2017-02-21,31.180437
2017-02-22,30.9276625
2017-02-23,30.920532
2017-02-24,30.7989903
2017-02-25,30.1248322
2017-02-26,30.6584947
2017-02-27,30.8810588
2017-02-28,30.5006404
2017-03-01,30.5550747
2017-03-02,30.4433579
2017-03-03,30.6894739
2017-03-04,30.8470397
2017-03-05,31.2708772
2017-03-06,30.3780315
2017-03-07,30.9944813
2017-03-08,31.0596575
2017-03-09,31.0876933
2017-03-10,31.2111554
2017-03-11,31.5336317
2017-03-12,31.9967686
2017-03-13,32.1190222
2017-03-14,32.4957294
2017-03-15,32.5076118
2017-03-16,32.2869324
2017-03-17,32.3976416
2017-03-18,32.5405433
2017-03-19,32.7179467
2017-03-20,33.3586956
2017-03-21,32.8871278
2017-03-22,32.8199877
2017-03-23,33.1186363
2017-03-24,33.336537
2017-03-25,33.7088151
2017-03-26,33.5102537
2017-03-27,33.2109376
2017-03-28,34.3726367
2017-03-29,33.7879658
2017-03-30,34.2262682
2017-03-31,34.5508714
2017-04-01,33.9052509
2017-04-02,33.765163
2017-04-03,33.2084479
2017-04-04,33.3766167
2017-04-05,33.374003
2017-04-06,33.6004924
2017-04-07,33.9140115
2017-04-08,33.5672027
2017-04-09,34.0936447
2017-04-10,33.5599625
2017-04-11,33.6347617
2017-04-12,34.1367044
2017-04-13,33.9377479
2017-04-14,34.6384981
2017-04-15,34.7708704
2017-04-16,34.8387712
2017-04-17,34.6854122
2017-04-18,35.186093
2017-04-19,34.4748442
2017-04-20,35.1208008
2017-04-21,34.6024799
2017-04-22,35.083804
2017-04-23,35.0525933
2017-04-24,35.793337
2017-04-25,36.2770799
2017-04-26,36.1202506
2017-04-27,35.9446242
2017-04-28,36.2912889
2017-04-29,36.0787972
2017-04-30,36.5377454
2017-05-01,36.1459898
2017-05-02,35.8379157
2017-05-03,35.5034971
2017-05-04,35.8214883
2017-05-05,35.5523574
2017-05-06,36.6695526
2017-05-07,36.2399822
2017-05-08,36.556357
2017-05-09,35.7740482
2017-05-10,36.4331676
2017-05-11,36.6829641
2017-05-12,36.2899301
2017-05-13,36.2132142
2017-05-14,36.4708318
2017-05-15,36.3294944
2017-05-16,36.8290063
2017-05-17,37.7746755
2017-05-18,37.4806406
2017-05-19,37.4812208
2017-05-20,37.2995506
2017-05-21,37.3145036
2017-05-22,38.0639493
2017-05-23,36.951647
2017-05-24,37.7076534
2017-05-25,37.5405487
2017-05-26,37.5757424
2017-05-27,37.365774
2017-05-28,37.0615619
2017-05-29,38.1478799
2017-05-30,37.4600833
2017-05-31,38.1136071
2017-06-01,37.9275016
2017-06-02,38.5684029
2017-06-03,38.9656921
2017-06-04,38.5648843
2017-06-05,38.3940511
2017-06-06,37.839958
2017-06-07,38.8632751
2017-06-08,38.3724967
2017-06-09,39.2140211
2017-06-10,39.0349609
2017-06-11,39.0674819
2017-06-12,39.5104101
2017-06-13,39.5990848
2017-06-14,39.529095
2017-06-15,38.9319587
2017-06-16,40.3562589
2017-06-17,39.3296316
2017-06-18,39.5026903
2017-06-19,39.360799
2017-06-20,39.4304561
2017-06-21,39.9559355
2017-06-22,38.9977619
2017-06-23,39.8599684
2017-06-24,39.4961047
2017-06-25,39.8240834
2017-06-26,39.3098945
2017-06-27,39.4010534
2017-06-28,39.9875735
2017-06-29,39.256946
2017-06-30,40.2016307
2017-07-01,39.4843398
2017-07-02,41.1938947
2017-07-03,39.6987841
2017-07-04,40.3808319
2017-07-05,40.0705231
2017-07-06,40.0362716
2017-07-07,40.1787095
2017-07-08,39.4228642
2017-07-09,39.8913404
2017-07-10,40.1399022
2017-07-11,39.8137474
2017-07-12,39.4558681
2017-07-13,40.0615216
2017-07-14,39.643115
2017-07-15,39.0230166
2017-07-16,39.7335687
2017-07-17,38.8264146
2017-07-18,42.402134
2017-07-19,39.5518029
2017-07-20,40.2092455
2017-07-21,39.3474113
2017-07-22,39.7000999
2017-07-23,39.9954013
2017-07-24,39.3475959
2017-07-25,40.3497228
2017-07-26,39.429932
2017-07-27,40.2684106
2017-07-28,39.6705826
2017-07-29,39.5744347
2017-07-30,39.8097303
2017-07-31,39.4791177
2017-08-01,39.9382334
2017-08-02,38.8871758
2017-08-03,42.202977
2017-08-04,39.4987321
2017-08-05,40.1602525
2017-08-06,39.8664558
2017-08-07,39.7871954
2017-08-08,40.0567685
2017-08-09,39.0535301
2017-08-10,40.1854618
2017-08-11,41.4551652
2017-08-12,40.5792496
2017-08-13,39.6694314
2017-08-14,40.1783188
2017-08-15,39.84508
2017-08-16,39.7793443
2017-08-17,39.8296056
2017-08-18,39.2636224
2017-08-19,42.3870547
2017-08-20,39.5047442
2017-08-21,40.7629407
2017-08-22,40.5790138
2017-08-23,40.1620733
2017-08-24,39.7786867
2017-08-25,39.4839248
2017-08-26,40.5986884
2017-08-27,41.8661284
2017-08-28,40.5889222
2017-08-29,40.4581487
2017-08-30,40.8283203
2017-08-31,40.6806126
2017-09-01,40.2696378
2017-09-02,40.6629733
2017-09-03,39.8623453
2017-09-04,41.0795492
2017-09-05,40.2577106
2017-09-06,40.8936338
2017-09-07,40.3883427
2017-09-08,40.5734392
2017-09-09,40.9572651
2017-09-10,40.1488667
2017-09-11,40.9578962
2017-09-12,42.8099438
2017-09-13,41.4225128
2017-09-14,40.074425
2017-09-15,41.0367356
2017-09-16,41.5112106
2017-09-17,40.9563145
2017-09-18,41.9306499
2017-09-19,40.6941494
2017-09-20,43.6173564
2017-09-21,40.7904959
2017-09-22,41.6544509
2017-09-23,41.6839529
2017-09-24,41.4355523
2017-09-25,41.7482706
2017-09-26,40.5241226
2017-09-27,38.6387107
2017-09-28,45.4530862
2017-09-29,41.6160411
2017-09-30,41.0750688
2017-10-01,40.7809681
2017-10-02,40.583633
2017-10-03,41.1817957
2017-10-04,41.5689619
2017-10-05,40.3742245
2017-10-06,40.701329
2017-10-07,40.0429988
2017-10-08,41.2320876
2017-10-09,39.962748
2017-10-10,39.9022371
2017-10-11,38.2390793
2017-10-12,39.3332977
2017-10-13,40.4360493
2017-10-14,40.1905834
2017-10-15,40.5211988
2017-10-16,39.6244529
2017-10-17,39.6975125
2017-10-18,38.9147042
2017-10-19,38.5804876
2017-10-20,39.0655556
2017-10-21,37.928392
2017-10-22,40.5107847
2017-10-23,39.3811667
2017-10-24,39.7131859
2017-10-25,38.6855451
2017-10-26,38.425358
2017-10-27,38.3635047
2017-10-28,37.6287712
2017-10-29,38.2252885
2017-10-30,37.4886992
2017-10-31,37.8598802
2017-11-01,36.415475
2017-11-02,36.2578354
2017-11-03,36.3707461
2017-11-04,35.7739127
2017-11-05,36.3812291
2017-11-06,35.9222158
2017-11-07,36.8035659
2017-11-08,35.7938186
2017-11-09,35.8936843
2017-11-10,35.9234949
2017-11-11,35.9382496
2017-11-12,35.6407338
2017-11-13,35.2189771
2017-11-14,35.0926893
2017-11-15,34.4600644
2017-11-16,34.7534836
2017-11-17,34.7090747
2017-11-18,35.3382319
2017-11-19,34.5782032
2017-11-20,34.0203938
2017-11-21,34.2426023
2017-11-22,33.8888097
2017-11-23,34.6223096
2017-11-24,32.985002
2017-11-25,34.8038188
2017-11-26,32.8785076
2017-11-27,32.7382212
2017-11-28,33.1419166
2017-11-29,32.9442849
2017-11-30,33.2809064
2017-12-01,33.2895577
2017-12-02,34.5305061
2017-12-03,33.6144574
2017-12-04,33.3128183
2017-12-05,33.0681755
2017-12-06,32.7335945
2017-12-07,33.1889547
2017-12-08,32.3846946
2017-12-09,33.3357709
2017-12-10,32.2784319
2017-12-11,32.5260637
2017-12-12,32.403884
2017-12-13,31.9277284
2017-12-14,31.4573505
2017-12-15,32.2456063
2017-12-16,32.339324
2017-12-17,31.7365681
2017-12-18,33.1643063
2017-12-19,31.9898028
2017-12-20,31.8178132
2017-12-21,31.8381757
2017-12-22,31.5230233
2017-12-23,31.4165015
2017-12-24,31.0223181
2017-12-25,31.3006008
2017-12-26,30.1784683
2017-12-27,31.2345057
2017-12-28,31.591008
2017-12-29,31.823917
2017-12-30,31.6706789
2017-12-31,31.5485689
2018-01-01,31.6365196
2018-01-02,31.5131114
2018-01-03,32.006684
2018-01-04,32.0451037
2018-01-05,32.4839017
2018-01-06,31.4824144
2018-01-07,32.0247097
2018-01-08,31.8769772
2018-01-09,31.4517159
2018-01-10,32.3338269
2018-01-11,31.6831811
2018-01-12,31.8031202
2018-01-13,31.3272168
2018-01-14,31.3808641
2018-01-15,31.0708002
2018-01-16,30.6288168
2018-01-17,31.3262526
2018-01-18,31.5518351
2018-01-19,31.9743412
2018-01-20,31.2554785
2018-01-21,31.2576285
2018-01-22,30.103812
2018-01-23,30.6021319
2018-01-24,30.2697308
2018-01-25,30.3430558
2018-01-26,31.7666314
2018-01-27,31.2294287
2018-01-28,31.6884844
2018-01-29,31.5217951
2018-01-30,31.4377685
2018-01-31,30.9193328
2018-02-01,31.1580332
2018-02-02,31.3524835
2018-02-03,31.1818294
2018-02-04,31.5404206
2018-02-05,31.2678917
2018-02-06,30.9324596
2018-02-07,30.9726201
2018-02-08,30.751936
2018-02-09,30.0681913
2018-02-10,31.2360736
2018-02-11,31.8083487
2018-02-12,30.434325
2018-02-13,31.2005887
2018-02-14,31.2009121
2018-02-15,30.9461071
2018-02-16,30.2001364
2018-02-17,30.5351148
2018-02-18,30.5313715
2018-02-19,30.7186279
2018-02-20,30.9593196
2018-02-21,30.5943355
2018-02-22,30.7063591
2018-02-23,30.4242852
2018-02-24,30.1886775
2018-02-25,29.9929753
2018-02-26,30.0095279
2018-02-27,31.4295367
2018-02-28,29.9308411
2018-03-01,29.6431512
2018-03-02,29.7059077
2018-03-03,29.9332501
2018-03-04,29.4794285
2018-03-05,29.4084511
2018-03-06,30.0142695
2018-03-07,31.2211473
2018-03-08,30.6012303
2018-03-09,30.035681
2018-03-10,30.9270513
2018-03-11,31.2194772
2018-03-12,31.2928493
2018-03-13,31.4103136
2018-03-14,31.2528714
2018-03-15,31.6706414
2018-03-16,30.4843024
2018-03-17,31.4046996
2018-03-18,31.1205982
2018-03-19,31.1960086
2018-03-20,31.5124642
2018-03-21,30.653969
2018-03-22,31.6577474
2018-03-23,32.0849102
2018-03-24,31.7137755
2018-03-25,30.9284482
2018-03-26,32.458527
2018-03-27,32.5570284
2018-03-28,31.6497572
2018-03-29,31.7315048
2018-03-30,31.4611242
2018-03-31,33.3924517
2018-04-01,30.4812111
2018-04-02,31.1697833
2018-04-03,30.7704738
2018-04-04,31.0265905
2018-04-05,31.0763516
2018-04-06,31.6685768
2018-04-07,33.1958967
2018-04-08,33.0027078
2018-04-09,33.1874459
2018-04-10,32.5278809
2018-04-11,32.6785888
2018-04-12,33.6299214
2018-04-13,33.5208706
2018-04-14,34.4147219
2018-04-15,34.0962107
2018-04-16,34.8951147
2018-04-17,33.7595011
2018-04-18,33.7805869
2018-04-19,33.446871
2018-04-20,33.5001862
2018-04-21,34.0982921
2018-04-22,33.9223469
2018-04-23,34.7291016
2018-04-24,34.4230694
2018-04-25,35.2478071
2018-04-26,34.4880288
2018-04-27,34.7694086
2018-04-28,34.6463007
2018-04-29,34.5135104
2018-04-30,35.3189981
2018-05-01,35.2458538
2018-05-02,36.310817
2018-05-03,35.4847157
2018-05-04,35.9611186
2018-05-05,36.0342541
2018-05-06,35.9856016
2018-05-07,36.3732069
2018-05-08,35.9191827
2018-05-09,36.6578258
2018-05-10,36.8245409
2018-05-11,36.8492063
2018-05-12,36.2303136
2018-05-13,36.6383092
2018-05-14,36.6106923
2018-05-15,36.2659477
2018-05-16,36.8716277
2018-05-17,36.4284448
2018-05-18,37.6183209
2018-05-19,36.2450055
2018-05-20,37.5559759
2018-05-21,37.5178889
2018-05-22,36.9930291
2018-05-23,37.0420176
2018-05-24,36.8438228
2018-05-25,37.7509417
2018-05-26,38.227362
2018-05-27,37.4146874
2018-05-28,37.623902
2018-05-29,37.7271108
2018-05-30,38.0097172
2018-05-31,37.8207604
2018-06-01,38.1954631
2018-06-02,37.738875
2018-06-03,39.0215131
2018-06-04,38.8258763
2018-06-05,39.0732629
2018-06-06,38.8490201
2018-06-07,38.235676
2018-06-08,38.8819369
2018-06-09,37.8518
2018-06-10,39.1397232
2018-06-11,39.4487624
2018-06-12,39.4128052
2018-06-13,39.0763846
2018-06-14,39.5874072
2018-06-15,40.1596601
2018-06-16,39.4835727
2018-06-17,40.368181
2018-06-18,39.4265015
2018-06-19,41.9163339
2018-06-20,38.839635
2018-06-21,39.2982958
2018-06-22,39.5458087
2018-06-23,39.2723384
2018-06-24,39.6505174
2018-06-25,38.7573865
2018-06-26,39.9572988
2018-06-27,43.2765143
2018-06-28,39.9014299
2018-06-29,39.0304362
2018-06-30,39.206692
2018-07-01,39.8001825
2018-07-02,39.2498516
2018-07-03,39.8765405
2018-07-04,39.3236118
2018-07-05,41.9617823
2018-07-06,39.1311753
2018-07-07,40.1361616
2018-07-08,39.8481483
2018-07-09,39.8118827
2018-07-10,40.2463303
2018-07-11,39.2585573
2018-07-12,40.1702408
2018-07-13,41.4829805
2018-07-14,39.7894265
2018-07-15,39.0954808
2018-07-16,39.5504795
2018-07-17,40.2401239
2018-07-18,39.9146282
2018-07-19,40.2649708
2018-07-20,39.0110047
2018-07-21,40.457322
2018-07-22,39.979938
2018-07-23,40.6006928
2018-07-24,40.4305931
2018-07-25,40.2683971
2018-07-26,40.2157994
2018-07-27,38.7858269
2018-07-28,39.7642625
2018-07-29,41.0916697
2018-07-30,39.8586721
2018-07-31,39.1884891
2018-08-01,39.6865691
2018-08-02,39.935637
2018-08-03,38.7994491
2018-08-04,39.9173438
2018-08-05,39.0203255
2018-08-06,42.4858884
2018-08-07,39.333642
2018-08-08,39.9483104
2018-08-09,39.5439113
2018-08-10,39.4875368
2018-08-11,39.8807439
2018-08-12,38.9140619
2018-08-13,40.2039582
2018-08-14,40.5201163
2018-08-15,40.4339789
2018-08-16,40.1237807
2018-08-17,40.0374174
2018-08-18,39.9365436
2018-08-19,39.2536596
2018-08-20,40.2723682
2018-08-21,39.8684479
2018-08-22,43.7438808
2018-08-23,39.7771425
2018-08-24,40.5276312
2018-08-25,40.4455784
2018-08-26,40.6141112
2018-08-27,41.0450057
2018-08-28,39.8258822
2018-08-29,40.6358483
2018-08-30,39.5992336
2018-08-31,40.7505615
2018-09-01,40.3235155
2018-09-02,40.9916591
2018-09-03,41.2544712
2018-09-04,40.4972877
2018-09-05,40.4947626
2018-09-06,39.1744576
2018-09-07,43.0083664
2018-09-08,39.787373
2018-09-09,41.0721283
2018-09-10,41.0220981
2018-09-11,40.4479412
2018-09-12,40.9122973
2018-09-13,40.2753208
2018-09-14,41.136923
2018-09-15,39.9845185
2018-09-16,40.9699355
2018-09-17,40.3518148
2018-09-18,40.9568025
2018-09-19,40.7613691
2018-09-20,40.3711313
2018-09-21,40.5005128
2018-09-22,40.0051915
2018-09-23,43.7938934
2018-09-24,40.4126613
2018-09-25,41.419203
2018-09-26,41.0852652
2018-09-27,41.0951914
2018-09-28,40.741585
2018-09-29,40.0129237
2018-09-30,40.8410088
2018-10-01,40.1001108
2018-10-02,41.6023163
2018-10-03,40.3358299
2018-10-04,41.1227862
2018-10-05,41.1166513
2018-10-06,40.6791591
2018-10-07,40.810401
2018-10-08,40.2671598
2018-10-09,44.0722248
2018-10-10,40.8817028
2018-10-11,41.5853137
2018-10-12,41.6218726
2018-10-13,41.229522
2018-10-14,41.4092124
2018-10-15,40.1427821
2018-10-16,40.617608
2018-10-17,42.0500316
2018-10-18,40.4440253
2018-10-19,39.905012
2018-10-20,40.2765387
2018-10-21,40.3026132
2018-10-22,39.3598737
2018-10-23,40.3864523
2018-10-24,39.3669978
2018-10-25,40.345383
2018-10-26,39.2224325
2018-10-27,39.2882878
2018-10-28,38.7648413
2018-10-29,38.6994954
2018-10-30,38.5505743
2018-10-31,37.4452644
2018-11-01,37.4346856
2018-11-02,38.4220127
2018-11-03,37.0451632
2018-11-04,36.2518073
2018-11-05,36.3680616
2018-11-06,36.0715892
2018-11-07,36.3684188
2018-11-08,36.8400347
2018-11-09,36.0308563
2018-11-10,37.2023633
2018-11-11,34.2986485
2018-11-12,35.3707095
2018-11-13,35.2241124
2018-11-14,35.6498031
2018-11-15,35.4064809
2018-11-16,34.3604102
2018-11-17,33.7321357
2018-11-18,34.9345578
2018-11-19,34.865652
2018-11-20,34.2263845
2018-11-21,34.4467459
2018-11-22,33.5487736
2018-11-23,33.8817632
2018-11-24,34.4058976
2018-11-25,34.3619081
2018-11-26,35.0381075
2018-11-27,33.4167693
2018-11-28,33.7574521
2018-11-29,33.3979987
2018-11-30,33.8757434
2018-12-01,34.1020894
2018-12-02,33.7018222
2018-12-03,33.6191105
2018-12-04,33.0769414
2018-12-05,32.5148689
2018-12-06,32.087959
2018-12-07,32.5294179
2018-12-08,32.6809213
2018-12-09,33.7293849
2018-12-10,33.480139
2018-12-11,33.3123428
2018-12-12,34.0389807
2018-12-13,32.8786358
2018-12-14,33.4218155
2018-12-15,33.0161866
2018-12-16,39.3270593
2018-12-17,31.9271978
2018-12-18,32.086996
2018-12-19,32.698706
2018-12-20,32.0671377
2018-12-21,31.7124036
2018-12-22,31.4614559
2018-12-23,31.6036187
2018-12-24,31.0106868
2018-12-25,31.3733948
2018-12-26,30.8291522
2018-12-27,30.9778627
2018-12-28,31.7314112
2018-12-29,31.9482863
2018-12-30,32.386509
2018-12-31,31.5397929
2019-01-01,32.3047833
2019-01-02,31.5887897
2019-01-03,32.0750689
2019-01-04,32.0423212
2019-01-05,31.0947923
2019-01-06,31.4007106
2019-01-07,30.5416437
2019-01-08,30.8445379
2019-01-09,31.0810575
2019-01-10,31.0492332
2019-01-11,30.8212496
2019-01-12,30.7594495
2019-01-13,31.313895
2019-01-14,31.0167698
2019-01-15,30.9269047
2019-01-16,29.9169712
2019-01-17,30.2504865
2019-01-18,30.3435374
2019-01-19,30.2101546
2019-01-20,30.5492561
2019-01-21,30.1183543
2019-01-22,30.3760012
2019-01-23,29.8516045
2019-01-24,30.5754036
2019-01-25,29.7343985
2019-01-26,30.3914101
2019-01-27,29.7994408
2019-01-28,29.8270887
2019-01-29,30.364232
2019-01-30,30.3192813
2019-01-31,30.5340743
2019-02-01,30.2548558
2019-02-02,31.1226955
2019-02-03,30.6088285
2019-02-04,31.1464121
2019-02-05,30.1556559
2019-02-06,30.2572973
2019-02-07,29.5435026
2019-02-08,29.9598632
2019-02-09,30.5877916
2019-02-10,30.8773583
2019-02-11,31.144102
2019-02-12,30.8608592
2019-02-13,31.1486437
2019-02-14,30.8427046
2019-02-15,30.4387312
2019-02-16,30.9970012
2019-02-17,30.8235162
2019-02-18,30.9339772
2019-02-19,30.0777435
2019-02-20,31.4488395
2019-02-21,30.3085652
2019-02-22,30.7048891
2019-02-23,30.1232545
2019-02-24,30.0858589
2019-02-25,30.0652867
2019-02-26,29.7901122
2019-02-27,30.4349821
2019-02-28,30.0845097
2019-03-01,30.8051106
2019-03-02,30.3305883
2019-03-03,29.7947121
2019-03-04,30.4549901
2019-03-05,29.65533
2019-03-06,30.2658449
2019-03-07,29.7724831
2019-03-08,30.2244477
2019-03-09,30.74567
2019-03-10,30.4115111
2019-03-11,30.5334446
2019-03-12,30.5698714
2019-03-13,30.7972865
2019-03-14,30.572087
2019-03-15,31.2523308
2019-03-16,31.441856
2019-03-17,31.7113634
2019-03-18,32.5572819
2019-03-19,30.7399368
2019-03-19,30.7399368
2019-03-20,31.4238902
2019-03-21,31.7901442
2019-03-22,32.2605642
2019-03-23,31.9326244
2019-03-24,32.1629098
2019-03-25,32.1934469
2019-03-26,31.7117695
2019-03-27,32.7408784
2019-03-28,33.0505084
2019-03-29,32.720093
2019-03-30,32.6494068
2019-03-31,33.1442581
2019-04-01,33.1477383
2019-04-02,33.3677077
2019-04-03,32.3883451
2019-04-04,33.3627978
2019-04-05,34.1014826
2019-04-06,33.5787177
2019-04-07,34.3509948
2019-04-08,34.7985693
2019-04-09,33.612452
2019-04-10,34.3755638
2019-04-11,33.8393332
2019-04-12,33.9338144
2019-04-13,33.7502913
2019-04-14,34.3234317
2019-04-15,33.8789807
2019-04-16,33.9210768
2019-04-17,34.0828914
2019-04-18,34.0114162
2019-04-19,34.022131
2019-04-20,34.546941
2019-04-21,34.4207421
2019-04-22,34.653792
2019-04-23,34.4450445
2019-04-24,35.3799236
2019-04-25,34.9306845
2019-04-26,35.2920318
2019-04-27,35.1238228
2019-04-28,35.7179114
2019-04-29,35.7048703
2019-04-30,35.5803803
2019-05-01,35.9650557
2019-05-02,35.9226867
2019-05-03,36.0305283
2019-05-04,36.1760273
2019-05-05,35.440112
2019-05-06,36.6612589
2019-05-07,36.9505847
2019-05-08,36.6937689
2019-05-09,36.6455515
2019-05-10,36.891084
2019-05-11,36.2497614
2019-05-12,37.500778
2019-05-13,36.7326586
2019-05-14,37.6155752
2019-05-15,37.5361243
2019-05-16,37.377197
2019-05-17,37.578879
2019-05-18,37.3392854
2019-05-19,37.1756917
2019-05-20,36.9536148
2019-05-21,38.0854996
2019-05-22,37.394001
2019-05-23,38.1206432
2019-05-24,38.110565
2019-05-25,38.1733635
2019-05-26,38.4461548
2019-05-27,38.0120903
2019-05-28,38.8518315
2019-05-29,37.5732139
2019-05-30,38.860943
2019-05-31,38.2475259
2019-06-01,38.4573999
2019-06-02,38.0378696
2019-06-03,37.9045884
2019-06-04,38.9814924
2019-06-05,38.0698432
2019-06-06,38.8937154
2019-06-07,38.4326229
2019-06-08,39.2466001
2019-06-09,39.0901808
2019-06-10,38.907405
2019-06-11,39.0641442
2019-06-12,38.7185423
2019-06-13,39.8246674
2019-06-14,38.8084318
2019-06-15,40.2692418
2019-06-16,39.692428
2019-06-17,39.8634933
2019-06-18,39.936853
2019-06-19,39.1876179
2019-06-20,39.4599727
2019-06-21,39.1151633
2019-06-22,39.2811874
2019-06-23,39.3609762
2019-06-24,40.020495
2019-06-25,39.8470085
2019-06-26,39.8714928
2019-06-27,39.7664444
2019-06-28,39.4818177
2019-06-29,39.9866499
2019-06-30,38.8961442
2019-07-01,40.3526032
2019-07-02,39.348606
2019-07-03,39.9393692
2019-07-04,39.8209269
2019-07-05,39.1721775
2019-07-06,39.4807209
2019-07-07,39.413471
2019-07-08,40.4391599
2019-07-09,39.6852881
2019-07-10,39.9061381
2019-07-11,39.6011279
2019-07-12,39.6929667
2019-07-13,38.9897018
2019-07-14,38.3715169
2019-07-15,39.3370886
2019-07-16,38.9165843
2019-07-17,39.5655132
2019-07-18,38.9669139
2019-07-19,39.4446428
2019-07-20,39.3051226
2019-07-21,38.9538601
2019-07-22,39.5067551
2019-07-23,38.6438385
2019-07-24,40.0961047
2019-07-25,39.3915591
2019-07-26,40.4976255
2019-07-27,39.948261
2019-07-28,39.7869382
2019-07-29,40.075966
2019-07-30,38.8452553
2019-07-31,39.9139508
2019-08-01,38.7676242
2019-08-02,40.5247586
2019-08-03,39.8672715
2019-08-04,40.4748343
2019-08-05,40.39147
2019-08-06,39.443954
2019-08-07,40.1591268
2019-08-08,39.1663443
2019-08-09,41.1603573
2019-08-10,39.2743204
2019-08-11,40.0938832
2019-08-12,40.05386
2019-08-13,39.6135799
2019-08-14,40.3214642
2019-08-15,38.8098314
2019-08-16,40.3985981
2019-08-17,39.2230978
2019-08-18,40.1791348
2019-08-19,39.2242036
2019-08-20,39.771416
2019-08-21,40.1603896
2019-08-22,39.5382896
2019-08-23,39.9940485
2019-08-24,39.1702091
2019-08-25,39.6511877
2019-08-26,39.8761682
2019-08-27,40.8119414
2019-08-28,39.9460332
2019-08-29,39.2011446
2019-08-30,39.4424177
2019-08-31,38.6086571
2019-09-01,40.1695563
2019-09-02,39.3221819
2019-09-03,40.4084225
2019-09-04,40.0932196
2019-09-05,40.310713
2019-09-06,40.3860849
2019-09-07,39.3267793
2019-09-08,40.4863961
2019-09-09,39.829118
2019-09-10,41.3949695
2019-09-11,40.5707756
2019-09-12,41.6524031
2019-09-13,41.5110819
2019-09-14,40.9421611
2019-09-15,41.0127654
2019-09-16,39.926594
2019-09-17,40.7760246
2019-09-18,40.1176536
2019-09-19,41.2751256
2019-09-20,39.8886301
2019-09-21,41.123524
2019-09-22,41.490185
2019-09-23,40.3344314
2019-09-24,40.9445757
2019-09-25,39.6897283
2019-09-26,41.3517627
2019-09-27,40.373589
2019-09-28,41.2906855
2019-09-29,40.9157251
2019-09-30,40.7287635
2019-10-01,41.0586769
2019-10-02,39.9092517
2019-10-03,40.7761618
2019-10-04,39.9495325
2019-10-05,41.1844783
2019-10-06,40.1757922
2019-10-07,40.2081878
2019-10-08,40.0951329
2019-10-09,39.0279488
2019-10-10,39.0860499
2019-10-11,38.212351
2019-10-12,39.4295912
2019-10-13,38.5833061
2019-10-14,39.5796876
2019-10-15,39.7867449
2019-10-16,40.0954534
2019-10-17,40.028413
2019-10-18,38.454563
2019-10-19,39.6331517
2019-10-20,38.2747816
2019-10-21,39.0351604
2019-10-22,38.4058683
2019-10-23,38.430764
2019-10-24,38.5469444
2019-10-25,38.00493
2019-10-26,38.449143
2019-10-27,37.0744384
2019-10-28,37.7750363
2019-10-29,36.5199418
2019-10-30,37.69827
2019-10-31,36.9874289
2019-11-01,36.871611
2019-11-02,37.3749394
2019-11-03,36.2867347
2019-11-04,36.1179836
2019-11-05,33.9687319
2019-11-06,35.6191892
2019-11-07,35.288834
2019-11-08,35.7504219
2019-11-09,34.7625841
2019-11-10,33.160256
2019-11-11,33.8505941
2019-11-12,33.6189197
2019-11-13,33.3549819
2019-11-14,32.7741434
2019-11-15,34.1998568
2019-11-16,33.9697446
2019-11-17,35.239783
2019-11-18,34.4925518
2019-11-19,32.9610435
2019-11-20,33.7904611
2019-11-21,32.2627396
2019-11-22,35.1953143
2019-11-23,34.8660863
2019-11-24,34.512328
2019-11-25,33.839554
2019-11-26,33.5473707
2019-11-27,33.6013226
2019-11-28,33.6151168
2019-11-29,33.9136042
2019-11-30,32.3484574
2019-12-01,33.176424
2019-12-02,33.4779424
2019-12-03,33.1847796
2019-12-04,32.6558807
2019-12-05,32.022244
2019-12-06,32.9535611
2019-12-07,32.7652318
2019-12-08,33.671928
2019-12-09,32.8189381
2019-12-10,33.8176155
2019-12-11,32.6620237
2019-12-12,31.8021849
2019-12-13,32.979619
2019-12-14,32.2045889
2019-12-15,32.7239723
2019-12-16,32.217741
2019-12-17,33.1648853
2019-12-18,31.7640069
2019-12-19,32.2726817
2019-12-20,32.2002434
2019-12-21,32.3233974
2019-12-22,33.4688322
2019-12-23,32.7997714
2019-12-24,33.2580103
2019-12-25,32.9433289
2019-12-26,33.2200461
2019-12-27,31.9004638
2019-12-28,32.3174632
2019-12-29,32.0142307
2019-12-30,32.0550755
2019-12-31,33.042157
2020-01-01,31.791027
2020-01-02,32.9140385
2020-01-03,33.1446878
2020-01-04,32.9956397
2020-01-05,32.6321623
2020-01-06,31.8359854
2020-01-07,31.9805527
2020-01-08,31.2785542
2020-01-09,32.6546816
2020-01-10,32.484455
2020-01-11,33.1173286
2020-01-12,31.7601684
2020-01-13,32.1130707
2020-01-14,31.915827
2020-01-15,31.3246628
2020-01-16,32.6198235
2020-01-17,32.0419771
2020-01-18,32.6805982
2020-01-19,31.7470948
2020-01-20,31.9526178
2020-01-21,32.2024731
2020-01-22,32.2630077
2020-01-23,32.4131408
2020-01-24,32.6172092
2020-01-25,32.5249028
2020-01-26,31.4811481
2020-01-27,31.2992893
2020-01-28,31.2303441
2020-01-29,31.1667268
2020-01-30,31.0482031
2020-01-31,31.2584772
2020-02-01,32.4855639
2020-02-02,31.1958266
2020-02-03,31.4619953
2020-02-04,31.0000905
2020-02-05,31.5228379
2020-02-06,31.1631908
2020-02-07,30.8440977
2020-02-08,30.4175296
2020-02-09,31.2324797
2020-02-10,31.6935221
2020-02-11,31.1055027
2020-02-12,31.6282421
2020-02-13,31.0843205
2020-02-14,30.4824573
2020-02-15,30.9137523
2020-02-16,30.8797677
2020-02-17,31.2376905
2020-02-18,31.196594
2020-02-19,31.6306839
2020-02-20,31.4582793
2020-02-21,31.7910244
2020-02-22,32.2635698
2020-02-23,32.186527
2020-02-24,32.1410761
2020-02-25,31.3889326
2020-02-26,31.4524166
2020-02-27,31.0556838
2020-02-28,31.4165891
2020-02-29,30.987299
2020-03-01,30.8350559
2020-03-02,30.9971596
2020-03-03,31.5752262
2020-03-04,31.8685742
2020-03-05,30.9968035
2020-03-06,31.9050074
2020-03-07,31.8340673
2020-03-08,31.752042
2020-03-09,31.346732
2020-03-10,32.1318832
2020-03-11,31.4616169
2020-03-12,31.3895772
2020-03-13,31.4824741
2020-03-14,31.4195921
2020-03-15,32.0512631
2020-03-16,24.4281657
2020-03-17,31.1893651
2020-03-18,32.3307151
2020-03-19,31.6537351
2020-03-20,32.5335991
2020-03-21,32.0591621
2020-03-22,32.4402522
2020-03-23,32.1018124
2020-03-24,31.9153471
2020-03-25,32.080169
2020-03-26,32.0673656
2020-03-27,32.4396088
2020-03-28,32.3573352
2020-03-29,32.9839958
2020-03-30,32.7176549
2020-03-31,33.3096099
2020-04-01,33.4868629
2020-04-02,33.2459573
2020-04-03,33.6847007
2020-04-04,34.0073596
2020-04-05,33.9893238
2020-04-06,33.5364471
2020-04-07,34.1350487
2020-04-08,33.9371006
2020-04-09,34.5285344
2020-04-10,34.7310747
2020-04-11,34.1215709
2020-04-12,34.5712399
2020-04-13,34.3751706
2020-04-14,34.7758578
2020-04-15,34.5794873
2020-04-16,34.7681834
2020-04-17,34.8442202
2020-04-18,34.6107915
2020-04-19,34.4493804
2020-04-20,34.1089819
2020-04-21,34.9589848
2020-04-22,34.4797323
2020-04-23,35.2226847
2020-04-24,34.6731826
2020-04-25,34.6196281
2020-04-26,35.4846745
2020-04-27,35.3851302
2020-04-28,36.1168309
2020-04-29,35.6984819
2020-04-30,36.4555769
2020-05-01,36.3879734
2020-05-02,36.2955686
2020-05-03,35.9667701
2020-05-04,35.6541602
2020-05-05,36.4238234
2020-05-06,36.5472252
2020-05-07,35.6519197
2020-05-08,36.8586677
2020-05-09,36.8142366
2020-05-10,36.7846114
2020-05-11,36.2805796
2020-05-12,36.3643584
2020-05-13,36.0789227
2020-05-14,36.8080533
2020-05-15,36.4016265
2020-05-16,36.5388984
2020-05-17,36.5540627
2020-05-18,36.8810756
2020-05-19,36.8946863
2020-05-20,37.1410318
2020-05-21,38.2672875
2020-05-22,37.9951907
2020-05-23,38.7728832
2020-05-24,38.3213371
2020-05-25,39.1538323
2020-05-26,38.7674972
2020-05-27,38.2055946
2020-05-28,38.3331338
2020-05-29,37.6664877
2020-05-30,38.3321669
2020-05-31,37.4642656
2020-06-01,38.8494795
2020-06-02,38.4201489
2020-06-03,38.70105
2020-06-04,38.7396054
2020-06-05,38.3220032
2020-06-06,38.691587
2020-06-07,38.172238
2020-06-08,38.0639116
2020-06-09,38.3332228
2020-06-10,39.0580927
2020-06-11,38.7673174
2020-06-12,38.1887708
2020-06-13,38.4860625
2020-06-14,38.5712153
2020-06-15,39.8611473
2020-06-16,38.4839077
2020-06-17,39.9816248
2020-06-18,39.5347768
2020-06-19,39.7402743
2020-06-20,39.6931442
2020-06-21,39.5688474
2020-06-22,39.7976602
2020-06-23,38.7981933
2020-06-24,39.6185243
2020-06-25,38.6071113
2020-06-26,39.8504152
2020-06-27,39.3027463
2020-06-28,39.1173173
2020-06-29,39.9666141
2020-06-30,39.3939186
2020-07-01,39.9180879
2020-07-02,38.6008248
2020-07-03,39.4191452
2020-07-04,39.1782724
2020-07-05,39.5777122
2020-07-06,39.4685392
2020-07-07,39.1965919
2020-07-08,39.713982
2020-07-09,38.5822463
2020-07-10,40.2312825
2020-07-11,39.8298122
2020-07-12,40.1916312
2020-07-13,39.3201982
2020-07-14,39.2843864
2020-07-15,39.6963468
2020-07-16,39.0702643
2020-07-17,40.1257137
2020-07-18,39.1446139
2020-07-19,39.7556708
2020-07-20,38.9008981
2020-07-21,39.477377
2020-07-22,39.6869425
2020-07-23,39.1404295
2020-07-24,39.5238941
2020-07-25,38.7957031
2020-07-26,40.1569981
2020-07-27,39.2857114
2020-07-28,39.5876075
2020-07-29,39.362566
2020-07-30,39.5421174
2020-07-31,39.5169311
2020-08-01,39.047667
2020-08-02,39.8071145
2020-08-03,38.8114923
2020-08-04,40.2762247
2020-08-05,39.8070081
2020-08-06,39.9937167
2020-08-07,40.0114913
2020-08-08,39.4569298
2020-08-09,40.1887385
2020-08-10,38.7889149
2020-08-11,39.9398226
2020-08-12,38.9843163
2020-08-13,40.2976436
2020-08-14,39.9959249
2020-08-15,39.9209029
2020-08-16,40.4079924
2020-08-17,39.1921493
2020-08-18,40.2654427
2020-08-19,38.6626611
2020-08-20,40.5325312
2020-08-21,40.0442654
2020-08-22,40.7383975
2020-08-23,41.0386406
2020-08-24,39.784316
2020-08-25,40.3601562
2020-08-26,38.9452472
2020-08-27,40.2925042
2020-08-28,39.3764658
2020-08-29,40.5741543
2020-08-30,40.2161614
2020-08-31,40.12461
2020-09-01,40.4422759
2020-09-02,39.8007522
2020-09-03,40.3139333
2020-09-04,39.1855796
2020-09-05,40.6109337
2020-09-06,40.0804838
2020-09-07,40.5619018
2020-09-08,41.1494578
2020-09-09,40.8961128
2020-09-10,41.2067216
2020-09-11,40.4181921
2020-09-12,41.3489896
2020-09-13,40.0709786
2020-09-14,41.6020584
2020-09-15,41.1465307
2020-09-16,40.8407772
2020-09-17,41.2065457
2020-09-18,40.661801
2020-09-19,41.4067946
2020-09-20,40.2246039
2020-09-21,42.1694499
2020-09-22,41.5697675
2020-09-23,42.1277048
2020-09-24,41.7702067
2020-09-25,41.3276521
2020-09-26,41.8019177
2020-09-27,40.797507
2020-09-28,42.1582061
2020-09-29,41.4724438
2020-09-30,42.081423
2020-10-01,41.0631328
2020-10-02,41.3770138
2020-10-03,41.1434321
2020-10-04,41.2535768
2020-10-05,42.1130356
2020-10-06,41.3681484
2020-10-07,42.1563469
2020-10-08,40.9665163
2020-10-09,41.1293287
2020-10-10,40.4849302
2020-10-11,39.9557414
2020-10-12,39.9428466
2020-10-13,38.5135021
2020-10-14,39.7363449
2020-10-15,39.2006211
2020-10-16,40.3177247
2020-10-17,38.9391801
2020-10-18,38.8281619
2020-10-19,39.0646135
2020-10-20,38.1732117
2020-10-21,39.0916861
2020-10-22,38.1912726
2020-10-23,39.0315136
2020-10-24,38.3424521
2020-10-25,38.9690885
2020-10-26,38.9736871
2020-10-27,37.8243886
2020-10-28,38.0060969
2020-10-29,37.4141315
2020-10-30,38.8615869
2020-10-31,37.9652354
2020-11-01,38.3730296
2020-11-02,37.5391453
2020-11-03,36.6759042
2020-11-04,35.1149062
2020-11-05,36.4283076
2020-11-06,36.9058451
2020-11-07,35.9783537
2020-11-08,36.4757468
2020-11-09,36.4890825
2020-11-10,37.349187
2020-11-11,36.2022984
2020-11-12,35.3326221
2020-11-13,35.7259602
2020-11-14,34.3178885
2020-11-15,35.1883053
2020-11-16,33.592128
2020-11-17,34.2572907
2020-11-18,33.671393
2020-11-19,33.8726848
2020-11-20,34.7561824
2020-11-21,34.553663
2020-11-22,34.6865386
2020-11-23,33.7954051
2020-11-24,34.6430006
2020-11-25,33.6183862
2020-11-26,34.5538705
2020-11-27,34.3263719
2020-11-28,33.8383623
2020-11-29,34.0979766
2020-11-30,33.5911068
2020-12-01,34.9584095
2020-12-02,33.7897203
2020-12-03,35.0868843
2020-12-04,33.9324128
2020-12-05,34.3016986
2020-12-06,34.5522268
2020-12-07,33.794513
2020-12-08,33.8196909
2020-12-09,32.9071444
2020-12-10,33.0199282
2020-12-11,32.756346
2020-12-12,32.8448355
2020-12-13,32.2844442
2020-12-14,32.5064976
2020-12-15,32.2224227
2020-12-16,31.9601851
2020-12-17,33.6717858
2020-12-18,32.7847752
2020-12-19,33.1878083
2020-12-20,33.0982723
2020-12-21,33.9123592
2020-12-22,33.4568297
2020-12-23,32.6739675
2020-12-24,32.3127292
2020-12-25,31.4527805
2020-12-26,32.4846188
2020-12-27,31.3864642
2020-12-28,32.3239888
2020-12-29,31.7564873
2020-12-30,31.5143345
2020-12-31,32.2375047
2021-01-01,32.1178964
2021-01-02,32.9442455
2021-01-03,32.0104494
2021-01-04,33.1382467
2021-01-05,32.0184383
2021-01-06,32.3963872
2021-01-07,31.9445436
2021-01-08,31.921341
2021-01-09,32.2316553
2021-01-10,31.2646172
2021-01-11,32.634004
2021-01-12,31.9557574
2021-01-13,32.5881566
2021-01-14,31.9132372
2021-01-15,31.5679041
2021-01-16,31.3692616
2021-01-17,30.3073502
2021-01-18,31.5614439
2021-01-19,30.5746432
2021-01-20,31.5687919
2021-01-21,30.805381
2021-01-22,30.7010843
2021-01-23,30.8277119
2021-01-24,30.7248556
2021-01-25,31.8925961
2021-01-26,31.6125727
2021-01-27,32.1744969
2021-01-28,30.96289
2021-01-29,30.988043
2021-01-30,30.0074533
2021-01-31,31.2212466
2021-02-01,31.3383897
2021-02-02,30.7795498
2021-02-03,31.2743095
2021-02-04,30.4237665
2021-02-05,31.023535
2021-02-06,30.323862
2021-02-07,30.7023085
2021-02-08,30.0075456
2021-02-09,29.8893135
2021-02-10,30.9353803
2021-02-11,30.0665073
2021-02-12,31.0338028
2021-02-13,30.2456496
2021-02-14,30.4854491
2021-02-15,29.8374187
2021-02-16,30.1608276
2021-02-17,29.4860631
2021-02-18,29.6707028
2021-02-19,29.8212062
2021-02-20,29.3948961
2021-02-21,30.5358368
2021-02-22,30.0378867
2021-02-23,30.4677459
2021-02-24,30.0257086
2021-02-25,29.8509579
2021-02-26,30.9196074
2021-02-27,29.3966903
2021-02-28,31.6127012
2021-03-01,31.0227608
2021-03-02,31.0785989
2021-03-03,30.9992709
2021-03-04,31.1907755
2021-03-05,30.3706979
2021-03-06,30.4894638
2021-03-07,30.5009061
2021-03-08,30.7396281
2021-03-09,31.0607974
2021-03-10,30.555654
2021-03-11,31.2472311
2021-03-12,30.7985019
2021-03-13,31.3868998
2021-03-14,31.4547819
2021-03-15,31.0373414
2021-03-16,32.1361826
2021-03-17,32.5113056
2021-03-18,32.2731197
2021-03-19,31.6620157
2021-03-20,31.4096603
2021-03-21,31.8255862
2021-03-22,32.1316049
2021-03-23,32.6776239
2021-03-24,31.5398555
2021-03-25,33.0537083
2021-03-26,32.8911841
2021-03-27,32.5892249
2021-03-28,32.4696517
2021-03-29,32.4655482
2021-03-30,33.0327582
2021-03-31,31.114082
2021-04-01,32.7272254
2021-04-02,32.8462329
2021-04-03,33.0195551
2021-04-04,33.2427809
2021-04-05,33.3822473
2021-04-06,33.6484324
2021-04-07,33.3899076
2021-04-08,33.6270608
2021-04-09,33.8669415
2021-04-10,33.8353199
2021-04-11,33.7479291
2021-04-12,34.0091068
2021-04-13,34.1301252
2021-04-14,34.1517549
2021-04-15,34.4085678
2021-04-16,33.8736663
2021-04-17,35.3549581
2021-04-18,34.8945223
2021-04-19,35.0099955
2021-04-20,34.4554374
2021-04-21,34.4078561
2021-04-22,34.6965539
2021-04-23,34.4334739
2021-04-24,35.7258866
2021-04-25,35.3832324
2021-04-26,35.911624
2021-04-27,35.3962704
2021-04-28,35.702509
2021-04-29,36.3017331
2021-04-30,34.8035793
2021-05-01,35.6960088
2021-05-02,35.0729652
2021-05-03,36.3926653
2021-05-04,36.2059726
2021-05-05,36.5561242
2021-05-06,36.8445428
2021-05-07,36.6037695
2021-05-08,37.4862616
2021-05-09,36.9723013
2021-05-10,37.5573188
2021-05-11,36.9866135
2021-05-12,37.7312028
2021-05-13,37.9595699
2021-05-14,37.7001263
2021-05-15,38.2037879
2021-05-16,37.4256425
2021-05-17,37.6157695
2021-05-18,37.43808
2021-05-19,37.7972843
2021-05-20,37.8375038
2021-05-21,38.2383401
2021-05-22,38.0621046
2021-05-23,38.1059396
2021-05-24,38.5465215
2021-05-25,37.9046591
2021-05-26,38.5399985
2021-05-27,37.583785
2021-05-28,38.1112201
2021-05-29,37.7296675
2021-05-30,37.8278696
2021-05-31,38.3547979
2021-06-01,38.0368372
2021-06-02,38.8071941
2021-06-03,38.0648843
2021-06-04,38.7683491
2021-06-05,38.1713999
2021-06-06,38.3466665
2021-06-07,38.4290301
2021-06-08,37.3517929
2021-06-09,38.2710384
2021-06-10,37.5135773
2021-06-11,39.5295867
2021-06-12,38.4503084
2021-06-13,39.4657263
2021-06-14,39.2471939
2021-06-15,38.8576024
2021-06-16,39.7577504
2021-06-17,38.9905411
2021-06-18,40.1764428
2021-06-19,39.3423481
2021-06-20,40.2870096
2021-06-21,39.7885292
2021-06-22,39.3901251
2021-06-23,39.8598011
2021-06-24,39.0862453
2021-06-25,39.2937687
2021-06-26,38.5856642
2021-06-27,39.6101904
2021-06-28,38.6222508
2021-06-29,39.8673666
2021-06-30,40.5727723
2021-07-01,39.8048164
2021-07-02,40.1202685
2021-07-03,39.2611974
2021-07-04,40.0808612
2021-07-05,38.9224754
2021-07-06,39.882039
2021-07-07,39.1898358
2021-07-08,39.3603971
2021-07-09,39.5127141
2021-07-10,38.8257833
2021-07-11,39.640043
2021-07-12,38.9715767
2021-07-13,39.7526224
2021-07-14,39.3331185
2021-07-15,40.3184562
2021-07-16,39.3865738
2021-07-17,39.5506048
2021-07-18,39.6928201
2021-07-19,39.1538922
2021-07-20,40.2029865
2021-07-21,39.0483142
2021-07-22,40.1915801
2021-07-23,39.3244435
2021-07-24,40.120812
2021-07-25,39.9447508
2021-07-26,39.3302896
2021-07-27,40.0924601
2021-07-28,38.7351217
2021-07-29,39.0552917
2021-07-30,39.814847
2021-07-31,40.6623289
2021-08-01,40.3803636
2021-08-02,39.8920196
2021-08-03,39.5864935
2021-08-04,38.6785773
2021-08-05,40.0318426
2021-08-06,39.0872941
2021-08-07,40.1300875
2021-08-08,40.0396399
2021-08-09,40.3209321
2021-08-10,40.1116312
2021-08-11,39.7150462
2021-08-12,40.547711
2021-08-13,39.9223183
2021-08-14,39.8680154
2021-08-15,39.3520085
2021-08-16,40.3782087
2021-08-17,39.9989274
2021-08-18,39.7907604
2021-08-19,40.2916991
2021-08-20,39.3169949
2021-08-21,40.0621743
2021-08-22,39.5487665
2021-08-23,40.3857618
2021-08-24,39.47176
2021-08-25,40.0102456
2021-08-26,39.981338
2021-08-27,39.5994884
2021-08-28,40.6171631
2021-08-29,39.8391986
2021-08-30,40.0349043
2021-08-31,40.242666
2021-09-01,40.4498601
2021-09-02,40.5502452
2021-09-03,40.2700586
2021-09-04,40.9155185
2021-09-05,39.8979787
2021-09-06,40.8227694
2021-09-07,40.4408858
2021-09-08,40.9231997
2021-09-09,40.0659643
2021-09-10,40.67704
2021-09-11,40.8305378
2021-09-12,40.2912874
2021-09-13,40.8597273
2021-09-14,39.7599823
2021-09-15,41.0608461
2021-09-16,40.6846665
2021-09-17,41.5900245
2021-09-18,41.2887285
2021-09-19,41.188486
2021-09-20,40.9307034
2021-09-21,40.2420751
2021-09-22,41.7851048
2021-09-23,41.0996498
2021-09-24,41.9147598
2021-09-25,41.6411737
2021-09-26,40.7935524
2021-09-27,40.5953058
2021-09-28,39.4872026
2021-09-29,39.9863947
2021-09-30,39.3140784
2021-10-01,40.3836677
2021-10-02,39.5116481
2021-10-03,40.6066034
2021-10-04,39.7953729
2021-10-05,40.304507
2021-10-06,40.7203155
2021-10-07,39.8289272
2021-10-08,40.4709201
2021-10-09,39.4254837
2021-10-10,41.2468453
2021-10-11,40.1847301
2021-10-12,40.1595873
2021-10-13,39.5712618
2021-10-14,38.4451724
2021-10-15,38.3210974
2021-10-16,38.0278087
2021-10-17,39.2185768
2021-10-18,38.2162827
2021-10-19,39.8762659
2021-10-20,40.2304448
2021-10-21,39.7881011
2021-10-22,39.9485076
2021-10-23,38.5845267
2021-10-24,39.5742962
2021-10-25,38.7430709
2021-10-26,39.7258418
2021-10-27,38.5463468
2021-10-28,38.5062656
2021-10-29,37.969585
2021-10-30,37.2302533
2021-10-31,37.2747682
2021-11-01,37.18136
2021-11-02,37.4802985
2021-11-03,36.6937672
2021-11-04,37.7516007
2021-11-05,38.0283411
2021-11-06,37.7060703
2021-11-07,38.1859893
2021-11-08,37.2641144
2021-11-09,37.9949687
2021-11-10,37.2894175
2021-11-11,38.4116625
2021-11-12,37.6144194
2021-11-13,37.60761
2021-11-14,36.8994897
2021-11-15,36.2101989
2021-11-16,36.4248746
2021-11-17,34.7495642
2021-11-18,35.7660395
2021-11-19,34.8863662
2021-11-20,34.8305402
2021-11-21,34.333635
2021-11-22,34.0712539
2021-11-23,33.3257106
2021-11-24,32.5082351
2021-11-25,34.6849851
2021-11-26,34.2246629
2021-11-27,34.8724088
2021-11-28,33.9089688
2021-11-29,34.7452235
2021-11-30,34.3151161
2021-12-01,33.1726151
2021-12-02,32.9361554
2021-12-03,32.2234909
2021-12-04,32.9611346
2021-12-05,31.677382
2021-12-06,32.693852
2021-12-07,32.5354985
2021-12-08,32.0946915
2021-12-09,31.6650548
2021-12-10,32.168772
2021-12-11,32.4662867
2021-12-12,32.3217982
2021-12-13,33.0811124
2021-12-14,32.2332127
2021-12-15,33.0535099
2021-12-16,32.9144843
2021-12-17,32.9999288
2021-12-18,32.1608697
2021-12-19,31.4037095
2021-12-20,32.0142092
2021-12-21,30.7398544
2021-12-22,30.5994616
2021-12-23,30.867531
2021-12-24,31.4763085
2021-12-25,31.1711924
2021-12-26,30.8201798
2021-12-27,31.1555742
2021-12-28,30.9415067
2021-12-29,31.2934222
2021-12-30,30.6696068
2021-12-31,31.8399148
2022-01-01,31.5210426
2022-01-02,30.6244893
2022-01-03,30.4845718
2022-01-04,30.9993409
2022-01-05,31.6412008
2022-01-06,31.1239246
2022-01-07,31.3761356
2022-01-08,30.7208604
2022-01-09,31.3404158
2022-01-10,30.5182921
2022-01-11,30.1087145
2022-01-12,30.6593635
2022-01-13,31.0999284
2022-01-14,31.273601
2022-01-15,29.9044529
2022-01-16,31.1014475
2022-01-17,31.1738095
2022-01-18,30.1863476
2022-01-19,30.5651134
2022-01-20,30.5660949
2022-01-21,30.7971652
2022-01-22,30.9558896
2022-01-23,31.1936876
2022-01-24,30.4220459
2022-01-25,30.5767582
2022-01-26,30.5166156
2022-01-27,30.5196648
2022-01-28,30.4803212
2022-01-29,30.3701267
2022-01-30,31.0676322
2022-01-31,30.1968687
2022-02-01,31.0585339
2022-02-02,30.3742271
2022-02-03,30.3727283
2022-02-04,30.1523615
2022-02-05,29.9146283
2022-02-06,31.3887155
2022-02-07,31.050277
2022-02-08,31.096521
2022-02-09,30.8341838
2022-02-10,30.8845548
2022-02-11,30.1962691
2022-02-12,30.4252151
2022-02-13,30.7496166
2022-02-14,30.1649982
2022-02-15,30.7993169
2022-02-16,30.8883101
2022-02-17,31.4296131
2022-02-18,31.2618216
2022-02-19,30.8353366
2022-02-20,30.7253181
2022-02-21,30.3958859
2022-02-22,30.7571802
2022-02-23,30.9480325
2022-02-24,30.927157
2022-02-25,29.9808675
2022-02-26,28.7327251
2022-02-27,29.9052703
2022-02-28,29.6861078
2022-03-01,30.1702247
2022-03-02,32.9490591
2022-03-03,30.2513991
2022-03-04,29.8471754
2022-03-05,29.6575269
2022-03-06,29.9381281
2022-03-07,31.0624661
2022-03-08,30.9363243
2022-03-09,31.4504695
2022-03-10,30.8784427
2022-03-11,30.0929645
2022-03-12,31.0378754
2022-03-13,31.1521892
2022-03-14,30.756498
2022-03-15,31.1138326
2022-03-16,29.5606345
2022-03-17,30.2926563
2022-03-19,28.7988049
2022-03-20,32.1430338
2022-03-21,31.0148721
2022-03-22,32.7200681
2022-03-23,32.6789282
2022-03-24,32.3123498
2022-03-25,30.2714046
2022-03-26,31.0663433
2022-03-27,31.2798177
2022-03-28,30.0562375
2022-03-29,31.3817641
2022-03-30,31.9677107
2022-03-31,32.0046092
2022-04-01,32.4317384
2022-04-02,33.4190514
2022-04-03,32.4605098
2022-04-04,32.1729408
2022-04-05,31.5212407
2022-04-06,32.6866416
2022-04-07,32.92037
2022-04-08,32.52011
2022-04-09,32.8261572
2022-04-10,32.5676455
2022-04-11,33.2384864
2022-04-12,32.2804773
2022-04-13,33.0970421
2022-04-14,33.0887181
2022-04-15,33.6752246
2022-04-16,34.2379723
2022-04-17,33.9538884
2022-04-18,34.4717692
2022-04-19,32.5382572
2022-04-20,34.4508358
2022-04-21,34.6871418
2022-04-22,34.5443392
2022-04-23,34.2582855
2022-04-24,34.4047439
2022-04-25,34.4118052
2022-04-26,33.843088
2022-04-27,34.8963852
2022-04-28,34.2150845
2022-04-29,35.300124
2022-04-30,35.4933255
2022-05-01,35.4014935
2022-05-02,35.8582413
2022-05-03,34.7499668
2022-05-04,35.8870807
2022-05-05,35.1789059
2022-05-06,36.0011529
2022-05-07,35.8710365
2022-05-08,36.0899164
2022-05-09,35.9801202
2022-05-10,35.6567993
2022-05-11,36.2601106
2022-05-12,36.764102
2022-05-13,37.6257661
2022-05-14,36.5735674
2022-05-15,37.0900571
2022-05-16,37.1329305
2022-05-17,37.137877
2022-05-18,37.6554121
2022-05-19,37.5164325
2022-05-20,38.2453238
2022-05-21,37.1693703
2022-05-22,38.5479994
2022-05-23,37.7614618
2022-05-24,38.7091801
2022-05-25,38.6582944
2022-05-26,38.297145
2022-05-27,38.362461
2022-05-28,37.792823
2022-05-29,38.6936052
2022-05-30,38.0288225
2022-05-31,38.9307
2022-06-01,38.7106602
2022-06-02,38.5260497
2022-06-03,39.0022653
2022-06-04,38.7082317
2022-06-05,39.6131043
2022-06-06,38.2747109
2022-06-07,39.3466236
2022-06-08,38.9093158
2022-06-09,38.9336478
2022-06-10,39.2684247
2022-06-11,38.7678284
2022-06-12,39.9790517
2022-06-13,38.7426626
2022-06-14,39.7375869
2022-06-15,38.4697825
2022-06-16,39.3603437
2022-06-17,38.8228531
2022-06-18,39.1759017
2022-06-19,39.520347
2022-06-20,38.472741
2022-06-21,39.8242815
2022-06-22,38.9584987
2022-06-23,39.7434051
2022-06-24,38.881216
2022-06-25,39.7892589
2022-06-26,39.8222156
2022-06-27,38.8604916
2022-06-28,39.4899779
2022-06-29,38.2316749
2022-06-30,39.4639439
2022-07-01,38.6674236
2022-07-02,39.9047022
2022-07-03,38.9317146
2022-07-04,39.2471625
2022-07-05,39.2450272
2022-07-06,38.5920188
2022-07-07,39.3407258
2022-07-08,38.5276658
2022-07-09,39.8111201
2022-07-10,39.1253887
2022-07-11,39.6888618
2022-07-12,39.5179031
2022-07-13,39.0252487
2022-07-14,39.2564338
2022-07-15,38.7021497
2022-07-16,39.8078004
2022-07-17,38.7710557
2022-07-18,39.7573539
2022-07-19,39.8351871
2022-07-20,39.7233306
2022-07-21,39.5821516
2022-07-22,39.1020922
2022-07-23,39.4164871
2022-07-24,38.6177558
2022-07-25,39.7608535
2022-07-26,39.0150688
2022-07-27,39.3216378
2022-07-28,39.4223921
2022-07-29,38.6589896
2022-07-30,39.0643366
2022-07-31,38.4136537
2022-08-01,39.5880908
2022-08-02,38.8110252
2022-08-03,39.9349221
2022-08-04,38.9688257
2022-08-05,39.5067955
2022-08-06,39.7821236
2022-08-07,38.9844814
2022-08-08,39.6691271
2022-08-09,38.6672021
2022-08-10,40.0711479
2022-08-11,39.4864374
2022-08-12,39.7384378
2022-08-13,39.4331001
2022-08-14,39.5172726
2022-08-15,39.7384921
2022-08-16,38.8665932
2022-08-17,39.9701033
2022-08-18,39.2117207
2022-08-19,40.6709957
2022-08-20,40.6130954
2022-08-21,40.1479917
2022-08-22,40.527901
2022-08-23,39.3518156
2022-08-24,39.9272247
2022-08-25,38.8171089
2022-08-26,39.8644056
2022-08-27,39.4599542
2022-08-28,40.0664497
2022-08-29,40.2992741
2022-08-30,40.1440965
2022-08-31,40.3152927
2022-09-01,38.9896839
2022-09-02,40.7898111
2022-09-03,40.0104442
2022-09-04,40.8047165
2022-09-05,40.526582
2022-09-06,39.9947743
2022-09-07,40.2026999
2022-09-08,39.3345219
2022-09-09,40.8540176
2022-09-10,40.0291406
2022-09-11,41.0863201
2022-09-12,40.0921023
2022-09-13,40.5125129
2022-09-14,40.479546
2022-09-15,40.3971806
2022-09-16,41.7173475
2022-09-17,40.3143304
2022-09-18,41.7206906
2022-09-19,40.2213004
2022-09-20,41.1122871
2022-09-21,40.3387273
2022-09-22,40.5846413
2022-09-23,41.0040233
2022-09-24,40.2711542
2022-09-25,40.7952783
2022-09-26,39.4516454
2022-09-27,40.6674111
2022-09-28,40.1600686
2022-09-29,40.393407
2022-09-30,40.6995215
2022-10-01,39.6699625
2022-10-02,40.3454795
2022-10-03,39.3716544
2022-10-04,39.7494617
2022-10-05,39.2171037
2022-10-06,40.1274126
2022-10-07,39.780218
2022-10-08,39.9925982
2022-10-09,40.3765624
2022-10-10,39.3138799
2022-10-11,40.3238087
2022-10-12,38.9111933
2022-10-13,40.1538635
2022-10-14,39.1906717
2022-10-15,39.6508915
2022-10-16,39.5991552
2022-10-17,38.7241467
2022-10-18,39.1930545
2022-10-19,38.7445495
2022-10-20,39.083257
2022-10-21,38.5829152
2022-10-22,39.727625
2022-10-23,39.2841172
2022-10-24,39.1601277
2022-10-25,38.9449428
2022-10-26,38.5688465
2022-10-27,39.2339918
2022-10-28,38.1855633
2022-10-29,39.1183738
2022-10-30,38.5554753
2022-10-31,38.400408
2022-11-01,38.4416734
2022-11-02,38.1104667
2022-11-03,38.9492314
2022-11-04,37.9300172
2022-11-05,37.1543631
2022-11-06,36.8606352
2022-11-07,37.1689306
2022-11-08,36.3497272
2022-11-09,36.3069701
2022-11-10,36.3395477
2022-11-11,36.4197348
2022-11-12,37.4219299
2022-11-13,36.0083093
2022-11-14,37.4254314
2022-11-15,36.3921046
2022-11-16,36.0460281
2022-11-17,34.7706518
2022-11-18,33.4671345
2022-11-19,33.4048671
2022-11-20,32.4558222
2022-11-21,34.0181678
2022-11-22,34.4127528
2022-11-23,34.8364059
2022-11-24,34.1413815
2022-11-25,34.0277826
2022-11-26,33.9483495
2022-11-27,33.2127396
2022-11-28,33.586111
2022-11-29,32.519501
2022-11-30,32.9041367
2022-12-01,32.3141644
2022-12-02,32.8169451
2022-12-03,32.638873
2022-12-04,32.0051405
2022-12-05,31.5186327
2022-12-06,30.9086599
2022-12-07,31.8269901
2022-12-08,30.8424194
2022-12-09,32.3410955
2022-12-10,31.6784504
2022-12-11,31.4351078
2022-12-12,32.0320177
2022-12-13,31.9557166
2022-12-14,32.0817562
2022-12-15,31.4435636
2022-12-16,31.9706153
2022-12-17,31.0311167
2022-12-18,30.785149
2022-12-19,30.9898017
2022-12-20,31.3829587
2022-12-21,31.3341941
2022-12-22,31.0054553
2022-12-23,32.3026927
2022-12-24,32.1069587
2022-12-25,32.4844128
2022-12-26,32.1564394
2022-12-27,31.4410297
2022-12-28,31.5922024
2022-12-29,31.3689347
2022-12-30,32.4499472
2022-12-31,31.3819875
2023-01-01,32.5084459
2023-01-02,31.8066339
2023-01-03,32.1856476
2023-01-04,31.7056351
2023-01-05,31.4957675
2023-01-06,31.3167424
2023-01-07,30.7115217
2023-01-08,30.8992738
2023-01-09,30.8910767
2023-01-10,31.6931407
2023-01-11,30.917112
2023-01-12,31.7078752
2023-01-13,32.1682223
2023-01-14,31.2803041
2023-01-15,31.8641664
2023-01-16,31.328825
2023-01-17,31.8033062
2023-01-18,31.1147025
2023-01-19,31.1687626
2023-01-20,31.7078392
2023-01-21,31.694765
2023-01-22,31.167236
2023-01-23,31.1703024
2023-01-24,31.8239423
2023-01-25,31.5217033
2023-01-26,31.9093518
2023-01-27,30.4294851
2023-01-28,31.1916541
2023-01-29,31.1625168
2023-01-30,30.8257781
2023-01-31,31.5654114
2023-02-01,30.3822416
2023-02-02,30.9852488
2023-02-03,30.4911623
2023-02-04,30.837338
2023-02-05,30.8016204
2023-02-06,30.8215152
2023-02-07,30.1485773
2023-02-08,30.5164922
2023-02-09,30.9725509
2023-02-10,30.5525242
2023-02-11,31.2304848
2023-02-12,31.1556454
2023-02-13,31.1545713
2023-02-14,30.3814855
2023-02-15,30.4937269
2023-02-16,30.8538091
2023-02-17,30.5121746
2023-02-18,31.4151627
2023-02-19,27.6203495
2023-02-20,30.9857325
2023-02-21,30.2644128
2023-02-22,30.5524251
2023-02-23,29.9670198
2023-02-24,29.8351317
2023-02-25,30.6020416
2023-02-26,29.6742335
2023-02-27,30.4333016
2023-02-28,30.3127509
2023-03-01,30.0155387
2023-03-02,30.4124855
2023-03-03,31.0459829
2023-03-04,31.0732731
2023-03-05,30.1535628
2023-03-06,30.7486009
2023-03-07,29.9610489
2023-03-08,30.681449
2023-03-09,30.2975036
2023-03-10,30.3558363
2023-03-11,30.6910689
2023-03-12,30.7978202
2023-03-13,30.9752073
2023-03-14,30.3699298
2023-03-15,31.056016
2023-03-16,31.3387678
2023-03-17,31.3886961
2023-03-18,31.9365045
2023-03-19,31.9917984
2023-03-20,31.80934
2023-03-21,31.8381321
2023-03-22,32.3651188
2023-03-23,30.9254212
2023-03-24,31.342134
2023-03-25,32.00661
2023-03-26,32.1980586
2023-03-27,33.094124
2023-03-28,32.423716
2023-03-29,33.5658676
2023-03-30,32.1040647
2023-03-31,32.8134403
2023-04-01,32.5021761
2023-04-02,32.0533046
2023-04-03,32.0904847
2023-04-04,32.2564946
2023-04-05,32.6435286
2023-04-06,32.5572523
2023-04-07,33.3730258
2023-04-08,32.6311088
2023-04-09,32.9564248
2023-04-10,32.4220896
2023-04-11,32.858042
2023-04-12,33.144318
2023-04-13,32.3565935
2023-04-14,33.7930465
2023-04-15,33.038099
2023-04-16,34.4798182
2023-04-17,34.1120757
2023-04-18,33.4278144
2023-04-19,33.2432601
2023-04-20,32.6286652
2023-04-21,33.8556515
2023-04-22,33.7734369
2023-04-23,35.1276232
2023-04-24,34.8308439
2023-04-25,34.831623
2023-04-26,34.2924789
2023-04-27,34.2585523
2023-04-28,34.4984305
2023-04-29,34.5254106
2023-04-30,35.499697
2023-05-01,34.3645253
2023-05-02,35.7251513
2023-05-03,35.3033121
2023-05-04,35.405568
2023-05-05,35.9431593
2023-05-06,35.6230656
2023-05-07,36.1442273
2023-05-08,35.7775287
2023-05-09,36.9968583
2023-05-10,36.6032114
2023-05-11,36.7463322
2023-05-12,36.6242986
2023-05-13,36.4475481
2023-05-14,36.9325741
2023-05-15,36.2299597
2023-05-16,37.2449055
2023-05-17,36.8200481
2023-05-18,37.2651984
2023-05-19,37.2887139
2023-05-20,37.6274378
2023-05-21,37.4595051
2023-05-22,37.0151913
2023-05-23,37.4127216
2023-05-24,36.5822658
2023-05-25,37.801711
2023-05-26,37.4453038
2023-05-27,37.9582118
2023-05-28,38.2794039
2023-05-29,37.8600116
2023-05-30,38.2100995
2023-05-31,37.5811563
2023-06-01,38.8015609
2023-06-02,37.6246041
2023-06-03,38.5778183
2023-06-04,37.8898092
2023-06-05,38.3678061
2023-06-06,38.5472743
2023-06-07,37.9071839
2023-06-08,38.6564883
2023-06-09,37.5798267
2023-06-10,38.8688841
2023-06-11,38.8120772
2023-06-12,39.4270446
2023-06-13,39.6412234
2023-06-14,39.876434
2023-06-15,40.7516966
2023-06-16,39.6977974
2023-06-17,40.4128184
2023-06-18,39.0717772
2023-06-19,40.0369554
2023-06-20,39.951293
2023-06-21,39.863726
2023-06-22,39.7232792
2023-06-23,39.023561
2023-06-24,39.8228525
2023-06-25,38.4033707
2023-06-26,39.7112213
2023-06-27,39.2219987
2023-06-28,39.9664225
2023-06-29,39.3672132
2023-06-30,39.326477
2023-07-01,40.0396539
2023-07-02,39.0043864
2023-07-03,40.9803763
2023-07-04,39.0982901
2023-07-05,39.8903647
2023-07-06,39.5398307
2023-07-07,39.0796577
2023-07-08,39.7000215
2023-07-09,38.6763269
2023-07-10,39.8149553
2023-07-11,39.1484138
2023-07-12,40.4651666
2023-07-13,39.3197844
2023-07-14,40.0912222
2023-07-16,39.2620328
2023-07-17,39.298228
2023-07-18,38.2074604
2023-07-19,40.0738533
2023-07-20,38.7440046
2023-07-21,39.5977362
2023-07-22,39.162267
2023-07-23,39.2808669
2023-07-24,39.0901726
2023-07-25,38.1686149
2023-07-26,39.5021556
2023-07-27,38.2355585
2023-07-28,39.7924206
2023-07-29,39.1233416
2023-07-30,38.9852745
2023-07-31,39.45812
2023-08-01,38.6056113
2023-08-02,39.5042566
2023-08-03,38.5286165
2023-08-04,40.411038
2023-08-05,38.9437752
2023-08-06,39.9353851
2023-08-07,41.1520293
2023-08-08,39.6127812
2023-08-09,40.0537918
2023-08-10,39.1122112
2023-08-11,40.1417104
2023-08-12,38.9142445
2023-08-13,40.4897931
2023-08-14,40.0840524
2023-08-15,39.7282969
2023-08-16,39.6597287
2023-08-17,38.7882665
2023-08-18,39.5927167
2023-08-19,38.6564318
2023-08-20,39.4740275
2023-08-21,38.9124177
2023-08-22,39.6240409
2023-08-23,38.9594279
2023-08-24,39.322757
2023-08-25,39.672067
2023-08-26,38.9887735
2023-08-27,39.9233789
2023-08-28,39.0223654
2023-08-29,40.1128849
2023-08-30,39.4314549
2023-08-31,39.8725404
2023-09-01,57.4547076
2023-09-02,39.2853753
2023-09-03,39.4976039
2023-09-04,39.0168658
2023-09-05,40.7579765
2023-09-06,39.6016454
2023-09-07,40.1566308
2023-09-08,39.8773102
2023-09-09,40.1273369
2023-09-10,40.4605677
2023-09-11,39.6606494
2023-09-12,40.8607257
2023-09-13,39.20356
2023-09-14,41.2554562
2023-09-15,40.5158402
2023-09-16,40.6571444
2023-09-17,40.6543708
2023-09-18,39.800892
2023-09-19,40.5555773
2023-09-20,39.4784312
2023-09-21,40.0504785
2023-09-22,39.8470471
2023-09-23,41.1589203
2023-09-24,40.8867094
2023-09-25,41.158498
2023-09-26,40.5393729
2023-09-27,39.6346285
2023-09-28,40.3116526
2023-09-29,39.3834487
2023-09-30,40.562572
2023-10-01,39.8500699
2023-10-02,40.2077337
2023-10-03,40.2059378
2023-10-04,40.0768898
2023-10-05,40.0984045
2023-10-06,39.7117475
2023-10-07,40.52055
2023-10-08,39.6484694
2023-10-09,40.3472391
2023-10-10,39.9763762
2023-10-11,39.7777726
2023-10-12,39.9829067
2023-10-13,39.1626576
2023-10-14,40.1034908
2023-10-15,38.7140831
2023-10-16,39.8112947
2023-10-17,38.8533774
2023-10-18,39.3771384
2023-10-19,38.8836231
2023-10-20,38.5995529
2023-10-21,38.6407094
2023-10-22,37.8651451
2023-10-23,39.6197088
2023-10-24,38.5230798
2023-10-25,39.7131829
2023-10-26,39.0208013
2023-10-27,39.3498137
2023-10-28,39.1589292
2023-10-29,37.7696578
2023-10-30,37.9369889
2023-10-31,36.7341237
2023-11-01,37.9591688
2023-11-02,37.2397588
2023-11-03,36.9238148
2023-11-04,36.841482
2023-11-05,36.6639314
2023-11-06,36.8670336
2023-11-07,35.9017797
2023-11-08,37.0273259
2023-11-09,36.1366575
2023-11-10,37.438972
2023-11-11,37.1333842
2023-11-12,37.9445847
2023-11-13,37.4405841
2023-11-14,36.6441999
2023-11-15,37.1538399
2023-11-16,36.3678764
2023-11-17,37.7095061
2023-11-18,36.4560897
2023-11-19,36.2363777
2023-11-20,34.5368208
2023-11-21,33.6196213
2023-11-22,33.4064163
2023-11-23,32.4534012
2023-11-24,34.1975639
2023-11-25,33.2346732
2023-11-27,33.5037692
2023-11-28,33.0605828
2023-11-29,32.3171213
2023-11-30,31.7760294
2023-12-01,33.0961396
2023-12-02,32.2062993
2023-12-03,33.5705424
2023-12-04,33.0987087
2023-12-05,33.2989155
2023-12-07,31.6293609
2023-12-08,32.2363928
2023-12-09,31.5551516
2023-12-10,32.5984416
2023-12-11,31.4937139
2023-12-12,32.5670353
2023-12-13,32.8808572
2023-12-14,32.5765913
2023-12-15,32.5933501
2023-12-16,31.9376386
2023-12-17,33.007117
2023-12-18,32.2607753
2023-12-19,33.3722588
2023-12-20,32.6635548
2023-12-21,33.6625747
